Index,Open,High,Low,Close,Volume
2069/12/8,375,375,367,367.5,47830
2069/12/9,335,342,332,341.25,192395
2069/12/10,343,343,337,337.75,120395
2069/12/11,337.75,341.5,335.25,337.75,135990
2069/12/12,337.75,341,334.5,338.5,163685
2069/12/13,338.5,340,336,339.5,122185
2069/12/14,340,349.75,338.5,347.75,256630
2069/12/15,348,349,345.5,348.75,147630
2069/12/16,349,350.75,342.5,342.75,200810
2069/12/17,341.75,345.5,341.25,344.5,139270
2069/12/18,344.5,345,342.5,343.75,114560
2069/12/19,344,346,341.25,341.5,148185
2069/12/20,339.75,339.75,333,333.5,209525
2069/12/21,333,335.5,332.75,334.75,145475
2069/12/22,334.75,335.5,331,332.5,175960
2069/12/23,330.75,335.5,330.75,334.25,158915
2069/12/24,325.5,330.5,325.25,330,177360
2069/12/25,330,330.5,321.25,321.5,225875
2069/12/26,320.25,321,311.5,314.5,355125
2069/12/27,315.75,318.75,314,314.5,192945
2069/12/28,314,316.25,309.5,315.5,249320
2069/12/29,316.5,319,312.5,313.5,186025
2069/12/30,313,316.25,312,314.25,166895
2069/12/31,316,316,311.5,313.25,160750
2070/1/1,312.75,313,309.75,310.5,189270
2070/1/2,310.75,312.5,309.75,312.25,131525
2070/1/3,311.75,311.75,305.75,306,278650
2070/1/4,306,308.25,303,303.25,192685
2070/1/5,303,303,294,296.75,303170
2070/1/6,293.25,299.25,292.5,296,291300
2070/1/7,296,300.5,292.25,292.75,249665
2070/1/8,293,294,291.5,292,184380
2070/1/9,292,293,288,289.5,197145
2070/1/10,288,293.25,288,292.75,155235
2070/1/11,293,297.25,291.75,296.5,173550
2070/1/12,296.5,297,292.75,293.75,133690
2070/1/13,293.5,294,289.5,290,143935
2070/1/14,289.5,290,283,283.75,228200
2070/1/15,286.75,288.5,284.75,286.5,151330
2070/1/16,286.5,288.75,282.75,283.25,159715
2070/1/17,283,283.75,280.75,283.25,155430
2070/1/18,282.75,285.25,279.5,280.25,217395
2070/1/19,279.5,281.25,278,279,177780
2070/1/20,279,280,276.5,279.5,160955
2070/1/21,269.25,269.5,265.5,266,180185
2070/1/22,269,270.25,267.5,267.75,95325
2070/1/23,267.5,272.25,266.75,271.5,166135
2070/1/24,271.75,274.5,271,272.5,145150
2070/1/25,272,273.5,271.25,272.5,107150
2070/1/26,273.75,278.25,273.75,274.75,204740
2070/1/27,275,275,272.25,274.25,156730
2070/1/28,274,275,273.25,273.5,119330
2070/1/29,270,271,265,265.75,217790
2070/1/30,265,267,262.25,263,237565
2070/1/31,263,264.25,262.75,263.25,160290
2070/2/1,263.25,267.5,260.5,267,214680
2070/2/2,267,268,265.5,266,138995
2070/2/3,266,267.75,264.25,264.5,124315
2070/2/4,264,264.5,262.5,263.75,136775
2070/2/5,263.5,265,263,264.5,128590
2070/2/6,264.25,265.25,262.75,264.25,156450
2070/2/7,264,264.5,262.5,262.75,119800
2070/2/8,262.5,264,261.75,263.5,141720
2070/2/9,263.5,266.75,263.5,265.5,171970
2070/2/10,265.25,270,263.5,264.75,278695
2070/2/11,264,266.5,263.25,266,133540
2070/2/12,266,267.75,264.75,266.75,144930
2070/2/13,266.5,266.5,265,266.5,91535
2070/2/14,266,267,265,266.75,53590
2070/2/15,266.75,268.75,264.25,264.5,95210
2070/2/16,263,263,258,258.25,231305
2070/2/17,258,259,257.75,258.25,112095
2070/2/18,258.25,259,256,256.5,120080
2070/2/19,256.5,259,256.5,257,148925
2070/2/20,257,258.5,256.75,258.25,122850
2070/2/21,258,259.75,257.5,259.25,150490
2070/2/22,259,259.5,258,258.25,102875
2070/2/23,258,270.25,257.75,265.5,300460
2070/2/24,265.5,268,265.25,267.25,154415
2070/2/25,267.25,272.5,266.5,270.75,240345
2070/2/26,270.75,274,270.25,273.75,191755
2070/2/27,273.75,274.25,271.25,273.5,187985
2070/2/28,273.5,273.5,271.25,273.25,127320
2070/3/1,271.5,272.25,270.5,271,126530
2070/3/2,271,272,269.5,270.5,128530
2070/3/3,270,271.5,269.25,270.25,108940
2070/3/4,270.25,273,270.25,272.75,109925
2070/3/5,272,275.5,271.75,275,129745
2070/3/6,275,277.25,274.25,274.75,195475
2070/3/7,274.5,277,274,275,125540
2070/3/8,275,276.25,273.5,273.75,107330
2070/3/9,273.75,273.75,269.5,270.25,167135
2070/3/10,269.5,269.75,268.25,269.5,125375
2070/3/11,269.5,271.5,268,270.5,147670
2070/3/12,270.5,272.75,270,272.5,111635
2070/3/13,272,273,268.5,268.75,138695
2070/3/14,268.5,272.25,268.25,271,109545
2070/3/15,271,272.25,270.75,272,90910
2070/3/16,272,272.75,271,272.5,82200
2070/3/17,272,274,271.25,273.75,128535
2070/3/18,273.5,274.75,272.5,274.5,123035
2070/3/19,274,276.25,273.5,274,145435
2070/3/20,275,283,275,282.75,330615
2070/3/21,282,289.25,281.5,283.5,220005
2070/3/22,284,289.75,283.25,288.5,233480
2070/3/23,288.25,293,287,292.75,218305
2070/3/24,292,293.75,289.5,289.75,200385
2070/3/25,289.5,294.5,287.5,293.75,217580
2070/3/26,293.5,294.5,291.25,292,174315
2070/3/27,291.75,297.75,291.5,295.25,235445
2070/3/28,294,295.5,292.25,295.25,169020
2070/3/29,295.5,301.75,295.25,301.25,216650
2070/3/30,301,308,300,301.5,332680
2070/3/31,302,302.75,298,298.75,196820
2070/4/1,298.25,305.25,296.25,304.5,272620
2070/4/2,304.5,308.25,299.25,304,333315
2070/4/3,304,313,302,309.75,274780
2070/4/4,308.25,309.5,304.25,305.75,250465
2070/4/5,305.25,305.75,293.75,294.5,293405
2070/4/6,292.5,299,292,298.25,265230
2070/4/7,299.25,306.75,299,304.5,241300
2070/4/8,305,308,301.25,306.75,228635
2070/4/9,306,306,300,301,203395
2070/4/10,300.25,303.5,299.25,303.25,136620
2070/4/11,303.5,309,302.5,304.75,246130
2070/4/12,303.75,303.75,299,300.25,165535
2070/4/13,299.5,299.75,295.75,299,161310
2070/4/14,298.75,303.25,298.5,302.25,128110
2070/4/15,302,305.75,302,305.25,110625
2070/4/16,305,308.75,304.75,308.25,148610
2070/4/17,307,311,304.5,310,160395
2070/4/18,310.5,320,310.5,313,226885
2070/4/19,312.5,312.5,307.75,308.5,214190
2070/4/20,308.25,308.75,300,301,274570
2070/4/21,300,300.5,293.5,294.25,290210
2070/4/22,293.75,301.75,293.75,300.75,177335
2070/4/23,301,302.5,299,299.5,140250
2070/4/24,299.25,301,295.25,299,188000
2070/4/25,299.5,304.5,299.25,303.75,142855
2070/4/26,303.5,309,298.75,299.5,242635
2070/4/27,303.25,307.75,302,303.75,151170
2070/4/28,303.5,303.75,299,302.75,144835
2070/4/29,303,303.25,297,297.25,133600
2070/4/30,296.5,302,295.75,297.75,176550
2070/5/1,298,301,296.75,300.25,142310
2070/5/2,300.5,302.75,298.5,300.5,176240
2070/5/3,300.25,302.5,298.5,302,126275
2070/5/4,302,302.75,299,299.25,123180
2070/5/5,299,299.25,292.75,293.75,294455
2070/5/6,293.25,299.75,293,294.5,239785
2070/5/7,293.75,293.75,290,290.5,251450
2070/5/8,290.5,293.5,290,291,205385
2070/5/9,291,295.75,291,293.25,206120
2070/5/10,293.5,298.5,292.25,296.75,192840
2070/5/11,296.25,299,292.5,292.75,175720
2070/5/12,292.75,296.25,290,291.25,191835
2070/5/13,290.5,291,285.25,285.5,287530
2070/5/14,285.5,287.75,285,285.25,192715
2070/5/15,285.25,285.5,282.5,284.5,206515
2070/5/16,284.5,288.5,284.5,288,132210
2070/5/17,288.5,289.5,282.75,283,147370
2070/5/18,282.75,284.75,280.25,284.5,223745
2070/5/19,284.25,285.5,281,283.5,178660
2070/5/20,283.5,284,281.25,281.75,120090
2070/5/21,281,285.75,280.5,284.5,163325
2070/5/22,283.75,285,281.5,284.5,127960
2070/5/23,284,284.75,275.75,276.25,273310
2070/5/24,276,278,275,276.75,155080
2070/5/25,277,279.25,273,273.25,177965
2070/5/26,273,273.75,270.25,270.5,140055
2070/5/27,270.25,271,264,264.25,204000
2070/5/28,264,269.75,264,269.5,206850
2070/5/29,269.5,274.5,268.25,269.25,200385
2070/5/30,269.25,273.25,269,270.75,136500
2070/5/31,270,274.25,270,274,132755
2070/6/1,274,278.25,274,277.5,158545
2070/6/2,277,277,271,271.25,165585
2070/6/3,270.25,275,269.5,274.25,113765
2070/6/4,274,276.5,273.75,274,105705
2070/6/5,273.75,274.5,268.25,274,178860
2070/6/6,273.5,276.25,271.5,271.75,161455
2070/6/7,272,274,270.5,272.5,137210
2070/6/8,272,273.75,270.75,271.25,113335
2070/6/9,271.25,273,270.5,271.5,104305
2070/6/10,271.5,272,268.25,268.5,145775
2070/6/11,268.5,270.5,268,270.25,146595
2070/6/12,253.25,254,249,249.25,45095
2070/6/13,249.25,249.5,247,247.5,31205
2070/6/14,247.5,249,246,247.25,50560
2070/6/15,246.5,246.5,243.75,245,73225
2070/6/16,245,247.5,244.75,247,64860
2070/6/17,247,247,242,242.25,53585
2070/6/18,242,242.25,239,239.25,69540
2070/6/19,239.25,240,235.75,236.25,86020
2070/6/20,235,238.5,232.25,238,112575
2070/6/21,237.5,237.5,232.5,233,73750
2070/6/22,233,236.5,232.25,234.75,71175
2070/6/23,234.5,235.5,233,233.25,54220
2070/6/24,233,233,227.5,229.25,70460
2070/6/25,229,234,228.25,229.75,78815
2070/6/26,230,237.5,229.75,237.25,73420
2070/6/27,236,237.5,233.5,234.5,56850
2070/6/28,234,237.75,231.5,236.75,58355
2070/6/29,239,248.75,239,248.5,92380
2070/6/30,243.5,258,243.5,256,142195
2070/7/1,255.5,255.75,249,250,88355
2070/7/2,249,253,245.5,247.25,84640
2070/7/3,247,255,247,252.5,94700
2070/7/4,246,246,240.5,245.25,82790
2070/7/5,245,248.5,244.25,247.5,86440
2070/7/6,247.5,250.25,245.5,247.25,73130
2070/7/7,247,247,243,243.5,62705
2070/7/8,243.5,245,243,243.25,50610
2070/7/9,240.75,255.25,238.25,250.5,89710
2070/7/10,251,260.25,251,258,110590
2070/7/11,258,263.5,257.75,262.25,116355
2070/7/12,262,266.5,260.5,265.5,116240
2070/7/13,265,270,263.5,268.5,108155
2070/7/14,268,275,262.5,263.75,107055
2070/7/15,262,263.25,254,254.5,93600
2070/7/16,254,259.75,253.5,259,68750
2070/7/17,259,259,249.5,250,71605
2070/7/18,250.5,254,249.25,253.5,65710
2070/7/19,250.5,250.5,246,249.75,60165
2070/7/20,252,261.75,251.5,261.75,29550
2070/7/21,268.5,273,261.75,262.25,117035
2070/7/22,262,265,260.5,264.25,58850
2070/7/23,264,266,259.75,260,51260
2070/7/24,257,261,256,260.75,46390
2070/7/25,264.5,267.75,264.5,267.25,28442
2070/7/26,268,269,265.5,266,23486
2070/7/27,266,278,266,277.75,54298
2070/7/28,277.5,278,274.5,277.5,47451
2070/7/29,277,277,272.5,276.25,35299
2070/7/30,274,274,267.5,267.75,45964
2070/7/31,266.5,272.5,266.25,272,35194
2070/8/1,272,272.75,268,269.25,38888
2070/8/2,268,273,268,269.25,32982
2070/8/3,269.75,273.5,266.25,272.25,33687
2070/8/4,273,274,270.25,271.75,35371
2070/8/5,270,270.5,268,269.75,35639
2070/8/6,269.75,270.5,264,264.25,57135
2070/8/7,264,264,260.5,263,40560
2070/8/8,263,265.5,262.25,264.75,24509
2070/8/9,264.5,268,264.5,267.75,28663
2070/8/10,267.75,273,266.25,272.5,41744
2070/8/11,272.5,274.5,264,264.25,56843
2070/8/12,263.5,266,262.25,265.75,33903
2070/8/13,266.5,268.75,263.25,263.5,45964
2070/8/14,264,265.25,262.25,263.75,27244
2070/8/15,264,266.25,263.25,264.5,30378
2070/8/16,264,264.5,260.5,261.75,37404
2070/8/17,260.25,262.5,257.5,262.25,53367
2070/8/18,262,263,260,262.25,27344
2070/8/19,262.25,263.25,260.75,261,25405
2070/8/20,261.25,263,258,259.5,40468
2070/8/21,259.5,259.5,257.25,257.5,32450
2070/8/22,257,259.75,255.5,258.75,42161
2070/8/23,258.25,259.5,257.5,257.75,40043
2070/8/24,257.25,259.25,255.75,256.25,31777
2070/8/25,256,258.25,255.5,257.25,29028
2070/8/26,257,266,256.5,264.75,61952
2070/8/27,264,268.5,261.75,267.75,45205
2070/8/28,267.75,279.75,267,279.75,91026
2070/8/29,279,285,277.25,282.75,73504
2070/8/30,282,284,279.5,283.75,44291
2070/8/31,283,293.5,281,288.25,87927
2070/9/1,290,290.5,285.25,285.75,46881
2070/9/2,285.5,290.5,285,290,38539
2070/9/3,289.75,290.75,286.5,287,31519
2070/9/4,286,286,281.5,282,45869
2070/9/5,281.75,286,280.25,283,43304
2070/9/6,282,288.5,282,287.5,40246
2070/9/7,287.5,294,287.5,293.75,48060
2070/9/8,293.25,293.25,287,288,49195
2070/9/9,287.25,291,286,289.75,36697
2070/9/10,292,294,285,287.5,51145
2070/9/11,285,286,281.25,284.25,47884
2070/9/12,286.25,287.75,281,281.25,43276
2070/9/13,280.5,280.75,275.5,279.75,61428
2070/9/14,279.25,280.75,277.75,279.75,37031
2070/9/15,279,289.5,278.75,285.25,50812
2070/9/16,285,286,280,280.25,42646
2070/9/17,279.5,281.5,278.25,278.5,49982
2070/9/18,278.5,283.5,278.25,283,38893
2070/9/19,283,284.75,281,284,33318
2070/9/20,283.25,285.25,275,275.75,61278
2070/9/21,276,276.75,273,274.25,53562
2070/9/22,274,276,273,273.25,34164
2070/9/23,273,274.5,271.25,272,41409
2070/9/24,272,278.5,271,277.75,41706
2070/9/25,277,278.25,275.75,276.75,29102
2070/9/26,285.75,285.75,282.75,283.25,21853
2070/9/27,283,285.25,281,281.25,25483
2070/9/28,281,284.25,281,284,21291
2070/9/29,284,285.5,280.75,282.25,31551
2070/9/30,282,282,279,279.25,52217
2070/10/1,279,283,279,282.5,42999
2070/10/2,280,284.75,280,282.5,40592
2070/10/3,282.5,283,280.5,280.75,34249
2070/10/4,280,282.25,280,280.75,35534
2070/10/5,280.75,281.5,276.75,277,62758
2070/10/6,277,280,276.75,279.25,39363
2070/10/7,279,284.25,279,284,40565
2070/10/8,283,285,281.5,281.75,43221
2070/10/9,282,283.25,281,281.5,24568
2070/10/10,281.5,281.5,276.25,277,51979
2070/10/11,277,277.75,273,273.25,51003
2070/10/12,273.25,274,271,271.75,44364
2070/10/13,271.75,273.5,270.75,271,33248
2070/10/14,271,273.5,270.75,272.5,24173
2070/10/15,273,274,267,267.25,61687
2070/10/16,267.25,268,262.5,266,58825
2070/10/17,266,267.5,263,263.25,28436
2070/10/18,264,268,262,267,24767
2070/10/19,267,269.5,266.5,269,19300
2070/10/20,269.25,270.75,266.75,267.25,21753
2070/10/21,267,268,266,266.75,21423
2070/10/22,266.5,267,264.75,265,18216
2070/10/23,262.5,266,261.75,265.75,32390
2070/10/24,266,266,262,262.25,27698
2070/10/25,262,264.25,260.75,263.5,34460
2070/10/26,263.5,263.5,258.25,258.5,47981
2070/10/27,258.5,261.5,258,259.75,24997
2070/10/28,259.5,260.75,257,258.25,32454
2070/10/29,258,270.25,257.5,270.25,68613
2070/10/30,270.25,278,270.25,273.75,84525
2070/10/31,273.5,279.25,270,277.25,60481
2070/11/1,277,279.5,276.25,277,45180
2070/11/2,277,279,275.75,278.25,41357
2070/11/3,278,278,275.25,276,28900
2070/11/4,275.5,277.25,273.5,276,26538
2070/11/5,276,279.25,275.25,275.5,35373
2070/11/6,275.25,279.75,275.25,279,32245
2070/11/7,278.75,283.5,275.5,276.5,59393
2070/11/8,276,279,275.75,277.5,27284
2070/11/9,277.25,278,275,275.5,31496
2070/11/10,275.25,275.5,272.75,273,29688
2070/11/11,272.75,276.25,272,275.5,30080
2070/11/12,275.5,277.75,274.75,275,29334
2070/11/13,274.75,275.5,272.25,272.75,35582
2070/11/14,272.5,275,271,271.75,34255
2070/11/15,272,272.5,269.5,270,33878
2070/11/16,270,272.5,269.75,272,25053
2070/11/17,272,274,271.25,273.75,26283
2070/11/18,273.25,273.75,268,268.25,46245
2070/11/19,268,271,267,270.5,31241
2070/11/20,270.5,271.5,269.5,270.25,16409
2070/11/21,270,270.5,266,268,42268
2070/11/22,268,269,266.5,267.75,25736
2070/11/23,276.25,278,275,277,14282
2070/11/24,276.75,278,274.25,274.5,14551
2070/11/25,274,275.5,273.25,273.75,21996
2070/11/26,273.75,274,270.75,271,36062
2070/11/27,270.75,272.75,270.25,272.5,29010
2070/11/28,272,273,270.75,271,34668
2070/11/29,270.75,272.25,270,270.25,27845
2070/11/30,270.25,276,270.25,274.75,38377
2070/12/1,274.25,275.75,273,273.75,30582
2070/12/2,273.75,277,273.75,275.25,34117
2070/12/3,275,277.25,274.75,275.25,29205
2070/12/4,275,277.25,274,276.75,30846
2070/12/5,277,279.75,277,278.75,33681
2070/12/6,278.5,281.25,278.25,281,38688
2070/12/7,280.75,282.5,280.25,282,42359
2070/12/8,281.5,282.25,279.25,281.75,36197
2070/12/9,281,281,274.5,274.75,43010
2070/12/10,275,275.5,271.5,271.75,43284
2070/12/11,272,275,272,272.25,27516
2070/12/12,272.25,274.5,272,272.25,27556
2070/12/13,272,272.25,269,269.25,29759
2070/12/14,269.25,269.25,263.5,264,49193
2070/12/15,264,267,263.5,266.75,28871
2070/12/16,266.75,266.75,264.25,265.5,21465
2070/12/17,265,266.5,264.75,265,19916
2070/12/18,265,265.5,261.25,261.5,33592
2070/12/19,261.5,263,261.25,262.25,20832
2070/12/20,262.5,270,262,267.75,28720
2070/12/21,266.5,267,258.5,259,49807
2070/12/22,259,259.75,253.5,254.5,38140
2070/12/23,254.5,256.5,253.75,256,27835
2070/12/24,255.75,256.25,252,253,24410
2070/12/25,253,254,246.75,248,37502
2070/12/26,248,250.5,246.75,247,28338
2070/12/27,246.75,248.75,246.5,247.75,21805
2070/12/28,248,250,246.75,249.5,29615
2070/12/29,249.5,251,243.75,245.25,37149
2070/12/30,245.5,248,245.5,246.5,30338
2070/12/31,246.25,254,246.25,251,29233
2071/1/1,250.25,253,249.25,250.5,27744
2071/1/2,258.25,258.75,254,256.25,20010
2071/1/3,255.75,260,255.25,258.75,27244
2071/1/4,258.75,258.75,253,253.75,36153
2071/1/5,253,257,253,256,24423
2071/1/6,256.25,268,256.25,258.75,53996
2071/1/7,257.25,257.25,252,254.75,28809
2071/1/8,255.5,257,253,255,33522
2071/1/9,255,257,252.5,253.25,46885
2071/1/10,254.25,254.75,252,252.25,36472
2071/1/11,252.25,253,248.5,251,40459
2071/1/12,251.5,256,251.5,253,30283
2071/1/13,251.75,256.75,251.5,256.5,35816
2071/1/14,256.5,261.25,256.25,261,44779
2071/1/15,260.75,263.25,257,260.25,50484
2071/1/16,260,260,255.5,255.75,27208
2071/1/17,252.75,252.75,246.25,247.75,46809
2071/1/18,247.5,248.5,244.5,245,34842
2071/1/19,245,251,245,248.75,33137
2071/1/20,249.75,251.25,247.75,248,25559
2071/1/21,248,248.5,245.5,246.25,18168
2071/1/22,245.25,249.5,245,247,27442
2071/1/23,245.75,246.75,244.75,245,23205
2071/1/24,245,247.5,243.5,246.75,18839
2071/1/25,246.75,249.25,246,246.5,20225
2071/1/26,246.5,247.5,245.75,247.25,15017
2071/1/27,245.5,245.5,240.25,240.5,36012
2071/1/28,240.25,241,235.25,237,45843
2071/1/29,237.25,240,237.25,238.25,33695
2071/1/30,238,242,237,238.5,29279
2071/1/31,237.5,239,236,238.75,34970
2071/2/1,238.5,241.25,238,240.5,24622
2071/2/2,240.5,242.5,237.5,238,33940
2071/2/3,237.75,240,237.5,239.75,25840
2071/2/4,239.5,239.75,236.5,237,29645
2071/2/5,236.5,236.5,231.25,232.5,34555
2071/2/6,232.5,233,230.75,232,23598
2071/2/7,231.75,233,231,231.75,27406
2071/2/8,231.75,234.25,231.5,232,28097
2071/2/9,232,237,231.5,236.25,26761
2071/2/10,234.5,234.5,232,232.75,24405
2071/2/11,232.75,239.5,232.75,237.25,33398
2071/2/12,241.25,252,241.25,249,17353
2071/2/13,247.5,254.5,247.5,249.75,11123
2071/2/14,249,261.75,248.75,257.5,24430
2071/2/15,256.5,257,253,255.5,11744
2071/2/16,255.25,266,254.5,262,18981
2071/2/17,262,266,259,265.75,19065
2071/2/18,264.5,264.5,260,261.5,17464
2071/2/19,261,263.5,257.5,258.75,19177
2071/2/20,253.5,253.5,246.75,246.75,27891
2071/2/21,245.5,253.5,245.5,253.25,22621
2071/2/22,252.75,256,243,246.75,17808
2071/2/23,246.75,246.75,243,243.5,15388
2071/2/24,242.5,245.5,235,239,33532
2071/2/25,239.75,248.25,239.75,246.25,20887
2071/2/26,245.75,258,245,249,24933
2071/2/27,247.25,250.75,243.75,244.5,12160
2071/2/28,243.25,243.25,235.5,236.5,23065
2071/3/1,238.5,241,237,239.5,13076
2071/3/2,237,237.25,233,233.25,18132
2071/3/3,233.25,234.25,229.25,229.75,23351
2071/3/4,229.75,234.75,229.25,230.75,18106
2071/3/5,230.75,239,230.75,237,13677
2071/3/6,233,233,229.75,232.25,12392
2071/3/7,232.75,233,229.75,230.25,14081
2071/3/8,230,230.5,225.5,227.5,21179
2071/3/9,226.5,227.25,225.5,226.75,10791
2071/3/10,226.5,226.75,224.5,224.75,14752
2071/3/11,224.5,224.5,222.5,222.75,12512
2071/3/12,222.25,223,220.5,221,16278
2071/3/13,220.5,222,218.75,220,15513
2071/3/14,220,220.5,218.5,220.25,15008
2071/3/15,220,220.25,217.25,217.5,15575
2071/3/16,216.5,216.5,213.25,213.5,17514
2071/3/17,213,215,212.75,213.5,19126
2071/3/18,213,214.5,211,211.5,21621
2071/3/19,211.25,211.5,209,210.25,16728
2071/3/20,210,213,210,211.25,15254
2071/3/21,211,215,210.25,214.5,15494
2071/3/22,214,215.5,211.75,214,13144
2071/3/23,213.75,214,209,209.25,12992
2071/3/24,209.25,211,206.5,206.75,11253
2071/3/25,206.5,207.75,206,206.5,11288
2071/3/26,206.25,211.75,206.25,208.5,11405
2071/3/27,208,209.5,206.25,208.75,13186
2071/3/28,218.75,221.25,218.5,219.75,18998
2071/3/29,219.5,220.25,217,218,19210
2071/3/30,217.75,218,215.25,215.5,25719
2071/3/31,215,216,214,215.5,27795
2071/4/1,215.5,215.5,213,213.5,28578
2071/4/2,213,213.5,208.5,208.75,52428
2071/4/3,208.5,208.75,204.25,206.5,53294
2071/4/4,206,206.5,201.5,201.75,54415
2071/4/5,201,204.25,199.25,199.5,50194
2071/4/6,198.25,203.75,196,203,60047
2071/4/7,202.5,207.5,201.75,204.5,55596
2071/4/8,204,209.75,202.5,208,44080
2071/4/9,207.75,210.25,207,208,33969
2071/4/10,207.75,213.75,207.75,213,44746
2071/4/11,213,213.5,208.25,210.75,54777
2071/4/12,210.25,215,209,213,45174
2071/4/13,212.75,214,204.5,207.75,53729
2071/4/14,207.75,208.75,205.25,208,29770
2071/4/15,208,212,207,210.25,35342
2071/4/16,210.25,213,208.25,208.75,40675
2071/4/17,208.5,209,205.75,207,34241
2071/4/18,206.5,207.5,204.75,205,30881
2071/4/19,204.5,207.25,202,205.25,28119
2071/4/20,205,207.25,204.5,206.5,32774
2071/4/21,206.5,208.5,204.25,205.5,27164
2071/4/22,205.25,208.75,204.5,208.5,29922
2071/4/23,208,212.25,207.25,210.5,42759
2071/4/24,210,213.5,208.75,212.75,31724
2071/4/25,212.5,214,211.25,211.75,28761
2071/4/26,211.25,212.75,208.25,209,33270
2071/4/27,208.5,209,204.5,204.75,44949
2071/4/28,204.75,207.25,204.75,206.5,31581
2071/4/29,207.25,214.25,207.25,209.75,50836
2071/4/30,209,211,208.75,210.25,27896
2071/5/1,210.5,219,210.5,217.25,73694
2071/5/2,215.5,217.75,215,217.25,37687
2071/5/3,217,227,216.75,221.5,83986
2071/5/4,220,229.25,219.75,228,80148
2071/5/5,227.5,228.75,225.5,228,49253
2071/5/6,227.5,228.25,224.25,227.25,48950
2071/5/7,227.75,231,225,225.5,47988
2071/5/8,225,225.5,221.75,222,34465
2071/5/9,221.5,222.5,218.75,219,37924
2071/5/10,219,222,218,219,36198
2071/5/11,219,221.5,218.25,221.25,28938
2071/5/12,221,222.25,218.25,218.75,35460
2071/5/13,218,219.75,216.25,219,39667
2071/5/14,218.5,220.5,217.5,219,33537
2071/5/15,218.5,221,218,219,31791
2071/5/16,219,222,218.25,218.75,36641
2071/5/17,218.25,220.25,218.25,219,29716
2071/5/18,218.5,219.25,216,216.75,40415
2071/5/19,216.25,218,215.25,216.75,31696
2071/5/20,216.25,217,215.25,215.5,34981
2071/5/21,215.25,218.75,215,217.25,37912
2071/5/22,216.75,218,216.25,216.75,26524
2071/5/23,216.25,217.5,216.25,217,25791
2071/5/24,217,222.75,214.25,222.25,86599
2071/5/25,224.5,225.5,223.25,224.5,35517
2071/5/26,224,224,220.25,220.5,28760
2071/5/27,220.5,221.25,218.5,219.25,25708
2071/5/28,219.25,220.75,218.5,219,32802
2071/5/29,230,233,230,232.75,11322
2071/5/30,232.5,234.5,230.5,231.75,13846
2071/5/31,231.5,232.25,230.5,230.75,15942
2071/6/1,230.75,231,228,228.5,30294
2071/6/2,228,228.75,227.5,227.75,35380
2071/6/3,227.5,229,227.5,228.25,24379
2071/6/4,229,232,229,230,29727
2071/6/5,229.75,230,228.25,228.5,28589
2071/6/6,228.25,229,227,227.25,44735
2071/6/7,227.25,227.5,224.5,224.75,56504
2071/6/8,224.75,226.5,222.75,223,49024
2071/6/9,223.5,225.5,222.75,224,32662
2071/6/10,223.75,224,222,222.75,31240
2071/6/11,222.75,224.25,221.75,222,36493
2071/6/12,222,223.25,221.75,222.25,27682
2071/6/13,222,225.5,221.5,224.5,29737
2071/6/14,223.75,224.5,222,223.5,27541
2071/6/15,223.25,225.25,223,223.25,22095
2071/6/16,223,224.25,222.5,223.25,22993
2071/6/17,223.25,225,220.25,220.75,46611
2071/6/18,221,221.5,218.75,219.25,37430
2071/6/19,219,219.75,218,219,26752
2071/6/20,219,220.5,218.5,219,16858
2071/6/21,219.25,219.75,218.75,219.25,12798
2071/6/22,219.25,221.25,219,220.75,11918
2071/6/23,220.5,221.75,218.5,219.25,16467
2071/6/24,219,219.5,218.25,218.75,18517
2071/6/25,218.5,218.5,213,213.5,44741
2071/6/26,213.5,214.5,213.25,213.5,20992
2071/6/27,214,215.75,214,214.75,23426
2071/6/28,215.5,218,215,217.25,30951
2071/6/29,217.25,224,217,223.75,72733
2071/6/30,223,223.75,219.5,219.75,32453
2071/7/1,219.5,224.5,219.5,221.75,36508
2071/7/2,221.5,223,219.5,219.75,28133
2071/7/3,219.5,220,216.25,217.25,37297
2071/7/4,217.25,217.75,214.25,215.25,35793
2071/7/5,215,216.25,215,215.5,21141
2071/7/6,215,217.25,215,215.5,21332
2071/7/7,215.5,215.5,211,213.75,53051
2071/7/8,213.75,216,213.5,215,24242
2071/7/9,215,218,213.75,216,38100
2071/7/10,215.25,217,215.25,216.25,20096
2071/7/11,215.75,215.75,212.25,215.5,31363
2071/7/12,215,217,215,215.75,25094
2071/7/13,215.25,216.25,214.75,215.5,21339
2071/7/14,215.25,219,214.5,216,46288
2071/7/15,216,217.5,214,214.5,35827
2071/7/16,214,216,213.5,215.75,29351
2071/7/17,215.5,218.25,215.25,217.5,37552
2071/7/18,217.25,223,215.25,215.75,61946
2071/7/19,215.25,217.5,215,217.25,20246
2071/7/20,217.5,218.75,217,218.5,25449
2071/7/21,218.25,219,217.25,218,21539
2071/7/22,217.75,218,216.25,216.75,24358
2071/7/23,216.75,220.75,215.5,220.25,39426
2071/7/24,220,220.75,215.5,216,39713
2071/7/25,216,217,214.25,215,34999
2071/7/26,215,216.25,213.5,214,34167
2071/7/27,214,214.25,212,213.5,42382
2071/7/28,219,221.25,218.75,220.75,13326
2071/7/29,220.75,221.5,219.25,220.75,12065
2071/7/30,220.5,221,217.5,219.75,36613
2071/7/31,219.75,221,219.5,220,28592
2071/8/1,219.75,220,213.25,213.5,64088
2071/8/2,213.5,214.75,212.5,213,52848
2071/8/3,212.5,213.25,210,210.25,36816
2071/8/4,210.75,215.25,210.25,211.25,35540
2071/8/5,211.25,216.5,211.25,215.75,36824
2071/8/6,215.5,216.5,214,214.75,25410
2071/8/7,214.5,218.75,214,217,33255
2071/8/8,216,217,215,216,21345
2071/8/9,216,222,215.75,220.75,44127
2071/8/10,220.5,225.5,219.25,221.25,50421
2071/8/11,221.25,224.25,221,223.5,30166
2071/8/12,223.25,225,222.75,224.5,33167
2071/8/13,224.5,224.75,222,222.75,27153
2071/8/14,222,222,219.25,220,25157
2071/8/15,220,224,219.75,223.75,24873
2071/8/16,223.5,226.75,223,225.75,53822
2071/8/17,225,228,224,224.25,36325
2071/8/18,224.25,229.5,224,229,43555
2071/8/19,227.5,232.75,227.5,232.25,74063
2071/8/20,231.75,231.75,228.25,228.5,29835
2071/8/21,228.5,230.75,227,228,26613
2071/8/22,228,231.75,226.25,229.75,32929
2071/8/23,230,233,229,232.25,31143
2071/8/24,231.25,232.25,229.25,232,23255
2071/8/25,231.75,234.25,230.25,232,31757
2071/8/26,232,233.5,225,225.5,40271
2071/8/27,226,226.5,221.25,222,35039
2071/8/28,221,222,218.25,218.75,40581
2071/8/29,219,220.75,215.5,216.25,43059
2071/8/30,216.25,218.25,215.5,217.75,29338
2071/8/31,217.75,218.25,215.75,216.5,22914
2071/9/1,216.5,218,215.5,217.75,22307
2071/9/2,217.5,219,214,214.25,41956
2071/9/3,214.5,216.75,214.25,216,29178
2071/9/4,216,220,216,217.5,26866
2071/9/5,217.5,220,217.25,219.75,16261
2071/9/6,219.75,220.5,217.75,218,14686
2071/9/7,218,221.75,217.75,220.5,16887
2071/9/8,226.25,230,226.25,229.75,30390
2071/9/9,229.75,230,228.5,229.5,27679
2071/9/10,229.5,231,225,225.25,31080
2071/9/11,225.25,227.25,224.5,225.75,20717
2071/9/12,225.5,225.5,221,221.5,35182
2071/9/13,222.5,223.5,219.5,219.75,30726
2071/9/14,219.75,222.25,217.5,219.5,51222
2071/9/15,220.25,221.5,218,218.75,54160
2071/9/16,218.5,220.5,218.25,218.75,27566
2071/9/17,218.75,220.75,217,220.5,29912
2071/9/18,220.25,224,220,222.75,29621
2071/9/19,223,223,220.75,221.75,22198
2071/9/20,221.75,221.75,219.5,219.75,25954
2071/9/21,219.75,221,217.25,218.5,28802
2071/9/22,218.75,222,218.5,221.75,22823
2071/9/23,220.75,223,219.25,222.25,30248
2071/9/24,222.25,226.25,221.75,223.25,40499
2071/9/25,223,226.25,222.5,224,27322
2071/9/26,224,226,220.75,221.75,41577
2071/9/27,222,225,222,223.75,25039
2071/9/28,222.75,223.25,219.75,221.25,33935
2071/9/29,221,222.25,219.5,219.75,19881
2071/9/30,219.75,221.5,218.75,219.25,18523
2071/10/1,219.25,219.5,218.25,218.5,17584
2071/10/2,218.25,218.5,211.5,211.75,82448
2071/10/3,212,215,212,214.75,29972
2071/10/4,214.5,216.25,213.75,214.75,28342
2071/10/5,214.75,216.75,214.75,216.5,18271
2071/10/6,216.75,220.5,216.75,219.5,31818
2071/10/7,215.5,216.5,214,216.25,27172
2071/10/8,216.5,217.25,214.75,216.75,20734
2071/10/9,217.5,224,217.25,223.25,61059
2071/10/10,217.5,223,217.5,220.75,29602
2071/10/11,221.25,226.5,221.25,222.5,45888
2071/10/12,223.25,224,219.5,223,31831
2071/10/13,222.75,223,220,220.75,28886
2071/10/14,220.5,221.25,219.5,220.25,26554
2071/10/15,219.75,220.5,216.25,217.25,35321
2071/10/16,216.25,218.75,214.5,218.25,33149
2071/10/17,218,218,214,214.25,39323
2071/10/18,214.25,218,214,217.5,45131
2071/10/19,220.5,223.25,219.75,220.25,13718
2071/10/20,220.25,225,219,223.5,13258
2071/10/21,223.5,227.5,220.25,222,15343
2071/10/22,221,222.75,219,219.25,12185
2071/10/23,219,221.25,218.25,220,12207
2071/10/24,220.25,220.5,215,216.5,28970
2071/10/25,216.75,217.5,215.25,215.75,17509
2071/10/26,215,216.5,214,214.25,26518
2071/10/27,214,218.5,214,215,32901
2071/10/28,215,217.5,214.5,216.25,22502
2071/10/29,218.75,218.75,208,208.25,33879
2071/10/30,209.75,210.75,202,202.25,32691
2071/10/31,200.25,200.25,191,195,35058
2071/11/1,195,196.25,191.5,194.25,23486
2071/11/2,194.25,196.5,189.5,189.75,22347
2071/11/3,189.75,190,185.75,186.25,24476
2071/11/4,187.5,189.75,184,186.75,22961
2071/11/5,186,186.5,184,186,20295
2071/11/6,186,191.5,186,190,24633
2071/11/7,188.75,195,188,193.75,33643
2071/11/8,193.5,196.5,187.5,187.75,20658
2071/11/9,190.25,193.5,190.25,191.75,16381
2071/11/10,193,197,191,195.5,22427
2071/11/11,195.75,206.5,195,203,31999
2071/11/12,203.5,210,202,204.5,27093
2071/11/13,204,216,204,212,35164
2071/11/14,212.5,213.5,202,204.75,22355
2071/11/15,203.5,205,196,196.5,21175
2071/11/16,197,200.75,195.25,196,17566
2071/11/17,194.5,200,194,199.75,12655
2071/11/18,199.5,203.5,199,203.25,19847
2071/11/19,205,215.25,204,215.25,26430
2071/11/20,218,233.25,217.5,219.5,47635
2071/11/21,219,225.5,215.5,225,26511
2071/11/22,222,225,219.5,223.25,23948
2071/11/23,222.25,224.5,219.25,223.5,21793
2071/11/24,223,225.25,219.75,223.5,16092
2071/11/25,226.5,230,225,228.25,22575
2071/11/26,227.75,227.75,222,222.25,21483
2071/11/27,222,222.75,210.25,210.25,22019
2071/11/28,207.25,209.75,206.75,209.5,18230
2071/11/29,209.5,214.5,209.5,214,15236
2071/11/30,215.5,219.75,215.5,216.5,18012
2071/12/1,228.75,230,225.75,228,26886
2071/12/2,228.25,231.5,224.5,226.25,29360
2071/12/3,226,227,222.25,222.5,24628
2071/12/4,221,221.25,218,220,44582
2071/12/5,222,222.25,216.25,216.5,40371
2071/12/6,216.5,220,215.5,219.75,40007
2071/12/7,219.75,219.75,215.5,215.75,35301
2071/12/8,215.75,217.5,215,215.25,32129
2071/12/9,215,219,214.75,216.75,47258
2071/12/10,217,220.75,217,219.25,45845
2071/12/11,219,222,218.75,221,35674
2071/12/12,221,222.75,220.25,222,31568
2071/12/13,223.5,225,222,222.5,24220
2071/12/14,222.75,226.5,222.75,225.25,33456
2071/12/15,224,224,220.75,221,30911
2071/12/16,221,221.75,218.75,219,31038
2071/12/17,219,220,215.75,217.75,39365
2071/12/18,217.5,218.5,215.5,216,34864
2071/12/19,216,216.5,214.25,214.75,38336
2071/12/20,214.5,215,212,212.25,45491
2071/12/21,212.25,213,210.25,212.75,43648
2071/12/22,213,214.5,210,210.25,40413
2071/12/23,210.25,211,209.25,210.25,31575
2071/12/24,210.25,211.5,209,210.75,31667
2071/12/25,210.5,211.75,210,210.25,20209
2071/12/26,210,210.5,208,208.25,43163
2071/12/27,208.25,212.5,207.75,208.75,69887
2071/12/28,208.75,212.5,208,212,33462
2071/12/29,211.75,215.75,211.5,213.75,38670
2071/12/30,213.25,215,212.75,213.75,28059
2071/12/31,213,213.5,208,208.25,51982
2072/1/1,208,208.5,204.75,205,54751
2072/1/2,204.75,205,203,204.25,36425
2072/1/3,204,205,203.25,203.5,28089
2072/1/4,203.25,205,203.25,204.75,29646
2072/1/5,204,204.75,203,203.25,28073
2072/1/6,203,203.5,198.25,198.5,71561
2072/1/7,199,202.75,198.75,201.25,34478
2072/1/8,200,201.75,200,200.5,26436
2072/1/9,200,201.75,200,201,17735
2072/1/10,201,201.5,199,199.25,31547
2072/1/11,199,204.25,198.25,202.25,44207
2072/1/12,202,202.25,200.75,201,32655
2072/1/13,201,203.75,200.25,200.5,34269
2072/1/14,200.25,201,199.5,200,24502
2072/1/15,199.5,200,199.25,199.5,21849
2072/1/16,199.25,202.25,199,201.75,31544
2072/1/17,201.25,206,200.75,201.75,60642
2072/1/18,201,201.5,200,200.5,29318
2072/1/19,200.25,202,199.25,199.5,31664
2072/1/20,199.5,200.5,199,199.5,32992
2072/1/21,200,200.75,198,198.25,36083
2072/1/22,199,200.25,198.5,199,28140
2072/1/23,198.75,203,198.25,201.5,60093
2072/1/24,201,202.75,201,201.75,27209
2072/1/25,201.5,203,200.5,201,30721
2072/1/26,201,203.75,201,202,25763
2072/1/27,201.75,202.25,200.5,200.75,32761
2072/1/28,200.5,200.5,195,195.25,66135
2072/1/29,195.25,195.5,193.75,194.25,30571
2072/1/30,194,196.5,193.75,196,31280
2072/1/31,196,198.5,195.75,196.25,33560
2072/2/1,207.25,207.25,205,205.25,19853
2072/2/2,205,205.75,203,203.5,24519
2072/2/3,203.5,203.75,202,203.5,23888
2072/2/4,203.75,205.5,203.25,205.25,23221
2072/2/5,205,206.5,203,205.75,24208
2072/2/6,205.5,206.25,204.75,205,27177
2072/2/7,203.5,204.75,200.75,201,78780
2072/2/8,201.25,202.5,200,200.5,50279
2072/2/9,200.5,204,200.5,202.75,39006
2072/2/10,202.75,203.75,201.75,202.5,29039
2072/2/11,202,203,200.75,201.5,27825
2072/2/12,201,205.5,200.25,204.5,41620
2072/2/13,204,204.5,203,203.25,21603
2072/2/14,196,199.5,195.5,199,42637
2072/2/15,198.5,199.75,197.5,199,26416
2072/2/16,198.5,202,198.5,200,25645
2072/2/17,199.75,202.5,199.75,201.5,28336
2072/2/18,202.25,204.25,202,203.25,30022
2072/2/19,203,203.25,202,202.25,17382
2072/2/20,202,203.75,201.5,203.5,16205
2072/2/21,203.5,204.75,203,204.25,17403
2072/2/22,204.75,206.75,202.75,204,29513
2072/2/23,204,205,203,204.75,21909
2072/2/24,204.5,204.75,203.5,203.75,20464
2072/2/25,203.75,205,203.5,204.5,19109
2072/2/26,200.75,203.5,200.75,203,35131
2072/2/27,202.5,203.25,201,203,29925
2072/2/28,203,205.75,203,203.75,37210
2072/2/29,203.25,207.75,202.5,207,46372
2072/3/1,206.25,209.25,204.75,208.5,47235
2072/3/2,208,209.25,206.25,207.25,41000
2072/3/3,207,216.75,206.75,215.5,121905
2072/3/4,214.5,221.5,214.5,220.75,90879
2072/3/5,220,221.75,218.25,219,60021
2072/3/6,217,220.5,215.5,220,47190
2072/3/7,220,221,218.75,220.75,33844
2072/3/8,220.25,221.5,218.75,220.75,31394
2072/3/9,220.75,223,219.75,222.75,40152
2072/3/10,223,227.5,223,227.25,57415
2072/3/11,226.75,228.25,226,227.5,49167
2072/3/12,227,227,222.75,223,41500
2072/3/13,223,226.5,221.25,225.75,47279
2072/3/14,226,226.75,222.75,223.5,30221
2072/3/15,219.75,222.25,219.5,222,30214
2072/3/16,222,223,220.5,220.75,25085
2072/3/17,220.5,220.5,217.25,218,38182
2072/3/18,217.5,220.25,214.5,219.75,52407
2072/3/19,220,222,220,221.5,31184
2072/3/20,221,222.5,219.25,221.25,30872
2072/3/21,220.75,222.75,219.5,222.5,33026
2072/3/22,222,226,222,225.5,40892
2072/3/23,225.5,226.5,221.25,221.75,40624
2072/3/24,221.25,225,221.25,222.25,27848
2072/3/25,221.75,223.75,219.75,222.25,31013
2072/3/26,221.75,223.75,221.25,223,42749
2072/3/27,229.5,229.75,228.5,228.75,16142
2072/3/28,228.5,230.5,227.5,228,29648
2072/3/29,228,228,222.75,223.25,51481
2072/3/30,223,225,222,224.75,41181
2072/3/31,225,225.75,221.25,221.5,51807
2072/4/1,221.25,222.75,220,220.75,57201
2072/4/2,220.75,224.5,220,224,51524
2072/4/3,223.75,224.75,222.75,223,36757
2072/4/4,222.75,224.5,222,224,26198
2072/4/5,224,226.25,224,225.5,30652
2072/4/6,225,229,224.5,228.75,45866
2072/4/7,228.75,229,225,225.25,41148
2072/4/8,230.75,238.25,230.75,238,84518
2072/4/9,237.75,238.75,235.75,236,45447
2072/4/10,235.5,239.75,234.25,235.25,44724
2072/4/11,238,241.75,237.5,240.75,47338
2072/4/12,237,237.25,233.5,235.75,36706
2072/4/13,235,236.5,231.25,232,37394
2072/4/14,232.75,234.75,231.75,234.5,27384
2072/4/15,234.25,234.5,229.5,230.25,43601
2072/4/16,229.75,233.75,229.25,232,29755
2072/4/17,232.5,234.75,229.75,232.5,29680
2072/4/18,231.5,232.25,224.75,225,55740
2072/4/19,226,227.5,224,227,36707
2072/4/20,227,233.5,226,233.25,33384
2072/4/21,232.5,238.5,232,236,39264
2072/4/22,236,239.5,233.75,234.25,34153
2072/4/23,234,235.25,230,232,33991
2072/4/24,232.75,234,229.75,232,28620
2072/4/25,232.25,232.5,226.75,227,37998
2072/4/26,227.5,229.5,225.25,229.25,33482
2072/4/27,227,227.5,225.5,227,31952
2072/4/28,226.75,227,223,223.25,43377
2072/4/29,223.25,226.25,222.5,225.5,34899
2072/4/30,225.5,228.5,225,227.5,37585
2072/5/1,229.75,232.25,225.75,226.25,44173
2072/5/2,224.25,225.75,223.5,224.5,26826
2072/5/3,233.5,237.5,233,236.75,30772
2072/5/4,237,237.75,233.5,235.75,23735
2072/5/5,235.75,237.75,233.75,236.75,32230
2072/5/6,237,239.75,237,239.5,48088
2072/5/7,239,241,236.25,236.5,48940
2072/5/8,236.5,237,233.5,234.25,50541
2072/5/9,234.5,235,231.5,232,50247
2072/5/10,236,244,235.25,244,80514
2072/5/11,244,249,241.25,246.25,72631
2072/5/12,246,258.25,245.5,250.75,105547
2072/5/13,250.5,254.5,248.5,250.25,41313
2072/5/14,249.5,250.25,246,248.25,46675
2072/5/15,252,252.5,240.25,241,63241
2072/5/16,240.75,241.75,237.75,238.75,57110
2072/5/17,239,246,239,244.25,47603
2072/5/18,244,246,242,244.75,38426
2072/5/19,244.75,246.5,240.75,245.75,37805
2072/5/20,242.5,242.75,234,238.75,80307
2072/5/21,239.5,240.25,235.25,235.5,40665
2072/5/22,235,237.25,232,235.5,53295
2072/5/23,236.25,242,236.25,238,45111
2072/5/24,238,241,237.5,240,25472
2072/5/25,238.25,243.5,236.5,241,31151
2072/5/26,240.5,241.25,238,238.25,31022
2072/5/27,238,238.5,234,235,42869
2072/5/28,234.5,236,229,230.5,78426
2072/5/29,230.75,234,230.25,233.5,33255
2072/5/30,228,228,222.5,224.25,65854
2072/5/31,224.5,226,223.25,225,35135
2072/6/1,229,229.5,224.75,225.5,38243
2072/6/2,225.5,229.5,224,229,34130
2072/6/3,231,232.75,223.25,224.25,38579
2072/6/4,224.75,226,222.75,225.75,27035
2072/6/5,228,228,219,219.75,56369
2072/6/6,220,220.75,217.25,219,44491
2072/6/7,219,221,218,219.25,32277
2072/6/8,216,216,208,208.25,69730
2072/6/9,208.75,210,207.5,207.75,35631
2072/6/10,213.75,214,209.25,210.5,16363
2072/6/11,210.25,213.5,209.75,211.75,12762
2072/6/12,211,214.75,211,211.25,15497
2072/6/13,211.25,211.5,207.5,207.75,15963
2072/6/14,206.25,206.25,201.75,202.75,19017
2072/6/15,202.5,206.25,202.5,205.25,21163
2072/6/16,205.25,206,200.75,201,32278
2072/6/17,201,205,201,203.75,45808
2072/6/18,203.5,204,195,195.75,31988
2072/6/19,191,193,189.5,192.5,25242
2072/6/20,192,192,187.75,188.5,24159
2072/6/21,188.5,193.75,188.25,190.75,17440
2072/6/22,188.75,188.75,184.5,187,23136
2072/6/23,187.25,188.25,184.75,185,18751
2072/6/24,185,186,181.25,185.75,23119
2072/6/25,185.75,187.75,184.75,186,19908
2072/6/26,185.75,186,181.25,182.5,17423
2072/6/27,182.25,182.25,178.25,179.25,19385
2072/6/28,179,183.25,179,180.75,25205
2072/6/29,180,182.75,178.75,181.75,17126
2072/6/30,181.5,187,181,186,18742
2072/7/1,185.5,188,185,187.75,16814
2072/7/2,187.75,189.5,183.75,184.5,14615
2072/7/3,183.75,184.5,181.5,182.75,13883
2072/7/4,182.5,183.25,179.25,180.5,14762
2072/7/5,180.5,183,180,181,12353
2072/7/6,181,182.5,180,180.25,12850
2072/7/7,178.25,182,177,180.25,19481
2072/7/8,180.25,181.5,179,179.75,16626
2072/7/9,179.75,182,179.5,180.5,15230
2072/7/10,180.25,182.25,178.5,180,15137
2072/7/11,179.5,180.5,178.5,178.75,12389
2072/7/12,178.75,180,177.5,177.75,12616
2072/7/13,178,179.75,177.5,179.5,15584
2072/7/14,179,179.25,177.75,178.25,21466
2072/7/15,178,179.5,177,177.25,17658
2072/7/16,177,177.5,174,174.75,18551
2072/7/17,174.5,176.25,174,175.75,14873
2072/7/18,175.75,176.25,174.75,175.75,8128
2072/7/19,175.5,179.25,175.5,178.5,20428
2072/7/20,191,193,190.25,191,29398
2072/7/21,190.5,191.25,189.5,189.75,15940
2072/7/22,189.25,189.5,188,188.75,21664
2072/7/23,188.75,190,187.75,188,20844
2072/7/24,187.5,188,186.5,187.5,25337
2072/7/25,187.25,188.75,186.75,188.25,28511
2072/7/26,187.75,190.5,187.75,188.75,35116
2072/7/27,189.25,195,189.25,191.75,42390
2072/7/28,191.75,197.5,191.75,196.5,74039
2072/7/29,193.75,197,193.5,193.75,54953
2072/7/30,196.5,196.75,193.5,196.5,44319
2072/7/31,195.75,195.75,194,194.25,36226
2072/8/1,198,199.75,196,198,63960
2072/8/2,193.75,196.5,193.5,193.75,43376
2072/8/3,193.25,194,192.25,193.25,31398
2072/8/4,193,196.5,193,195.5,31701
2072/8/5,195,196.25,194,196,29811
2072/8/6,196.5,198,191.5,194,47909
2072/8/7,188.5,189.25,187,187.25,29237
2072/8/8,187.25,190,187,188,30382
2072/8/9,188,191,187.25,190.25,32187
2072/8/10,190,195,189.25,194,42444
2072/8/11,193.5,194.75,192.25,193.25,36344
2072/8/12,193.75,196.25,193.25,194.5,37326
2072/8/13,194,195,192.5,194.5,28254
2072/8/14,194,197,194,196.25,44715
2072/8/15,198.75,199,197.25,197.75,46943
2072/8/16,196.75,200.75,192.25,199.25,49042
2072/8/17,198.75,203.75,198.75,203.5,73764
2072/8/18,203,206.25,202,204.25,56754
2072/8/19,204,204.5,202,203.5,34543
2072/8/20,203,206,202.25,203.25,42091
2072/8/21,201,204,200.5,203.5,32125
2072/8/22,203.25,205.5,202.75,204.5,34169
2072/8/23,204,211,203,208,80231
2072/8/24,207.5,209.25,207,208,36199
2072/8/25,207.5,208.5,206.25,206.75,28996
2072/8/26,206.75,208.25,206.5,207.5,30914
2072/8/27,205,205,203,203.25,36315
2072/8/28,203,204.5,202.5,204,34881
2072/8/29,203.75,204,203,203.25,33770
2072/8/30,203,203.5,202,202.25,26928
2072/8/31,202,203.25,200.5,200.75,41560
2072/9/1,200.75,201.5,200.25,200.5,35459
2072/9/2,200.25,207.25,199.25,206,73458
2072/9/3,205,209.5,204.5,206,54622
2072/9/4,206.5,213,206.5,212,57694
2072/9/5,211.75,214,211.75,213.25,39255
2072/9/6,213,216,213,213.5,50780
2072/9/7,213.5,215,212.25,214.75,39731
2072/9/8,214.75,216.5,214.5,216,40690
2072/9/9,215.75,216,212.25,213.75,40034
2072/9/10,213.5,213.75,210.75,212,40965
2072/9/11,212,212,210.5,211.25,27722
2072/9/12,211,211.75,208.5,208.75,37743
2072/9/13,208.75,209.25,207.25,207.5,40830
2072/9/14,221,224.5,221,223.5,26642
2072/9/15,223.25,225.5,223,223.25,33898
2072/9/16,222.75,223.25,221.75,223.25,30654
2072/9/17,222.75,223.5,222.25,222.5,16420
2072/9/18,223,224.5,222.5,222.75,33324
2072/9/19,222.5,222.75,219.5,220.25,60533
2072/9/20,220,220.25,217.25,217.5,62868
2072/9/21,217.5,221.25,216.25,220.5,63072
2072/9/22,220,222.25,218,221.5,41910
2072/9/23,221.25,221.5,219.5,220.25,31753
2072/9/24,219.75,220.25,217.75,220,31721
2072/9/25,220,220,218.5,218.75,28521
2072/9/26,218.25,220,214.25,214.75,74590
2072/9/27,214.75,219.5,214.25,218.75,43725
2072/9/28,218,218.5,216.25,217,30857
2072/9/29,217,217.25,215.75,216.25,27165
2072/9/30,222,226,221.5,225.75,40517
2072/10/1,225.25,227,224.25,225,32449
2072/10/2,225,226.5,223.75,226.25,25345
2072/10/3,226.25,227.5,226,226.75,19382
2072/10/4,226.25,229.5,224.5,228.75,34593
2072/10/5,228.5,232,228.5,230.25,71053
2072/10/6,230,232,229,231.75,31420
2072/10/7,227,230.75,226.5,230,39703
2072/10/8,230,231,228.25,230,36828
2072/10/9,230,230,225,226,49470
2072/10/10,225.75,226,224,225.75,35100
2072/10/11,225.5,228.5,225,227.5,24920
2072/10/12,227.5,230,227.25,229.5,37890
2072/10/13,229.5,231,222,222.5,69820
2072/10/14,222.25,223,218.25,219.25,89716
2072/10/15,219,219,216,216.25,57273
2072/10/16,216,218,215.5,217.5,37054
2072/10/17,217.5,220,217.5,218,30738
2072/10/18,218.25,219.5,214.75,215,45859
2072/10/19,215,215.5,212.75,215.25,51280
2072/10/20,215.75,216.75,213.75,214,34731
2072/10/21,214,216.75,213.25,215.5,38402
2072/10/22,215,215.75,213.25,213.5,26767
2072/10/23,213.5,214,209.25,209.5,62730
2072/10/24,209.5,210,206.5,208.25,49867
2072/10/25,208.25,210.75,208.25,209.25,29930
2072/10/26,209.25,210,207.5,209,27770
2072/10/27,209,212.25,208.5,211,29094
2072/10/28,211,213.5,210.5,213,26295
2072/10/29,213,213.5,211,212,21466
2072/10/30,211.75,214.5,210,213.5,26470
2072/10/31,213.5,214.75,212,212.25,27158
2072/11/1,212,212,209.25,210,26624
2072/11/2,210,211,209.5,210.25,20010
2072/11/3,210,211.75,209.75,210.25,29156
2072/11/4,210,210.5,209.25,209.75,30600
2072/11/5,209.75,213,209.75,212.75,28713
2072/11/6,212,213,210.25,212,29936
2072/11/7,219.25,221.75,219.25,220.25,16298
2072/11/8,220.25,220.75,218,218.25,30393
2072/11/9,218,220.75,217.5,217.75,32557
2072/11/10,217.75,218.25,216.5,217,31649
2072/11/11,217,218.25,216.75,217,29031
2072/11/12,217,218.75,217,218.5,48120
2072/11/13,218.5,223.5,218.5,222.5,56675
2072/11/14,222,225,221,224,46820
2072/11/15,223.75,225.75,222.5,222.75,28341
2072/11/16,223,225.25,222.25,222.5,26766
2072/11/17,222.5,223.75,222,223.25,19504
2072/11/18,223,224.25,220,220.25,37163
2072/11/19,220.5,222.75,219.25,220.25,34596
2072/11/20,220.25,221.5,219.5,219.75,15362
2072/11/21,220,222.25,219,221.25,24960
2072/11/22,221,222.5,220,220.5,21680
2072/11/23,209,212,209,211.5,21936
2072/11/24,205.5,208.5,205,208.25,85142
2072/11/25,208,210.75,206.5,209.25,321
2072/11/26,209,212.25,209,211.75,405
2072/11/27,211.5,214,209.25,212.25,449
2072/11/28,212,213.25,210,210.25,545
2072/11/29,210.25,213,210.25,210.75,22279
2072/11/30,211.25,212,208.75,209,355
2072/12/1,209.25,210.75,209,210.5,24147
2072/12/2,210.5,214.25,209.25,211.75,38717
2072/12/3,212.5,214.75,211.25,212,29858
2072/12/4,212,213,209,209.25,265
2072/12/5,209.25,209.75,207.75,209,176
2072/12/6,217,217.5,211,211.75,48943
2072/12/7,211.75,213,209,209.25,776
2072/12/8,209.5,210.75,204,204.25,57621
2072/12/9,204.5,205.5,201.5,202.25,290
2072/12/10,202.25,206,202.25,203.5,376
2072/12/11,203.5,208,203.5,207.75,566
2072/12/12,207.5,207.5,204.25,204.25,49586
2072/12/13,203.75,208,201.5,207.5,490
2072/12/14,207.5,210.75,205.75,207.5,762
2072/12/15,207.5,211.5,207,208.5,580
2072/12/16,208.75,210.5,207.5,207.75,32764
2072/12/17,207.5,210.25,207,210,292
2072/12/18,210,211.5,206.5,208,470
2072/12/19,208,209.25,203.5,205,501
2072/12/20,205,206,203,205,375
2072/12/21,204.75,205,198,198.25,60054
2072/12/22,198.25,199.5,196.75,197,496
2072/12/23,201.5,202.25,199.75,201.75,363
2072/12/24,201.75,202.25,199,201.5,27221
2072/12/25,201,201.75,199.75,201.25,19299
2072/12/26,201,201.5,199.25,199.75,307
2072/12/27,198.25,198.25,193.5,194,36822
2072/12/28,194,194.5,191,191.25,345
2072/12/29,191.25,193.5,191.25,192.25,260
2072/12/30,192.25,194.5,192.25,193.75,21184
2072/12/31,194,194.25,191,191.25,25339
2073/1/1,191,191.5,187.75,189.25,34169
2073/1/2,189.5,190.75,189.25,190,625
2073/1/3,190,193.25,188.5,192.75,651
2073/1/4,192.25,199.5,192.25,198.75,831
2073/1/5,197.5,198,195.25,195.75,27948
2073/1/6,196.25,199.25,195.25,195.5,30916
2073/1/7,195,199,194.25,198.5,646
2073/1/8,198.5,201.5,198.25,198.5,989
2073/1/9,198,198.25,196,197.25,27976
2073/1/10,198,201,196.5,198.75,30317
2073/1/11,198.5,199.75,196.25,197.25,444
2073/1/12,198.5,201.5,197.75,200.5,9304
2073/1/13,200.5,201,197.75,198,172
2073/1/14,197.75,198,195.5,196,14146
2073/1/15,195.5,197.5,195,195.25,13288
2073/1/16,195.75,195.75,192,192.5,229
2073/1/17,192.25,193.5,192.25,193.25,15723
2073/1/18,193.25,196.75,193.25,195.75,25176
2073/1/19,196,198,195.75,197.25,125
2073/1/20,197,202.5,196,197.25,297
2073/1/21,197,199.75,194,199.25,29986
2073/1/22,198.5,203.25,198.5,202.25,33268
2073/1/23,202,208,199,205.75,34889
2073/1/24,205.25,207.75,205,207.25,241
2073/1/25,205,212,204.25,211.5,28473
2073/1/26,211,217.75,210.25,216.5,36965
2073/1/27,216,228.5,216,224.5,1957
2073/1/28,223.75,235.5,222.5,234.25,917
2073/1/29,233.5,236,223,224.25,1158
2073/1/30,222,223.5,211.75,216.25,740
2073/1/31,230,230.5,224,224.75,575
2073/2/1,207.75,209.5,203.5,209.25,515
2073/2/2,215,218.75,211,215,16626
2073/2/3,214.5,219.75,214.5,219.25,14476
2073/2/4,219.5,224,215.5,218.25,741
2073/2/5,218,221.25,216.75,220.5,378
2073/2/6,218.75,220.25,215,217,780
2073/2/7,213.75,219,211.5,218.75,733
2073/2/8,218.5,220,214.75,215.25,383
2073/2/9,215.75,218,213,213.5,18083
2073/2/10,213.5,215.75,209.25,210.5,312
2073/2/11,211,213,208.5,212.5,215
2073/2/12,215.75,217.25,214.25,216,397
2073/2/13,216,218.75,216,217.5,16929
2073/2/14,217,221,217,219.75,294
2073/2/15,219.25,225.5,219.25,222,25421
2073/2/16,222,225.25,221.75,224.75,121
2073/2/17,224,224,221,221.75,18260
2073/2/18,221.5,222.75,218,219.5,20212
2073/2/19,219.25,220.75,216.25,217,100
2073/2/20,225.75,226.25,223.25,225,44986
2073/2/21,227,228.75,226,227.75,1780
2073/2/22,227,229.5,227,228,717
2073/2/23,228,233,224.75,231.75,452
2073/2/24,230.5,232.5,227.5,228.25,1257
2073/2/25,227,231.5,226.25,231,35841
2073/2/26,232,234,228.5,229,1254
2073/2/27,228.75,231.5,228.5,231.25,55212
2073/2/28,230.75,232.25,229,230,57614
2073/3/1,229.5,232.75,229.5,232.25,371
2073/3/2,232,232,229.75,231.25,366
2073/3/3,232.25,232.5,227.75,229.75,1280
2073/3/4,229.25,229.25,226,226.25,1352
2073/3/5,226,227.5,225.5,225.75,30914
2073/3/6,225.5,227,224,226.5,340
2073/3/7,221.75,222.75,218.25,218.5,343
2073/3/8,219,219,213.75,216,96549
2073/3/9,216,220,215,218.75,563
2073/3/10,218.5,218.75,215.5,217.25,41452
2073/3/11,216.75,218.25,215.5,215.75,236
2073/3/12,215.5,218,214.75,215.5,306
2073/3/13,215.25,217.25,214.5,216.75,227
2073/3/14,216.5,216.75,215,216,27083
2073/3/15,215.75,216.25,214,214.5,36428
2073/3/16,214,214.25,210.25,210.5,1001
2073/3/17,210.75,211.5,208.75,209.25,580
2073/3/18,209,211,208.25,210.75,405
2073/3/19,210.5,213.5,210.5,211.5,532
2073/3/20,211.5,214.5,210,214.25,326
2073/3/21,215,216,212.5,213,137
2073/3/22,212.5,214.75,212.25,214.25,208
2073/3/23,214,215,213,213.25,26678
2073/3/24,213,213.25,207.5,208.5,567
2073/3/25,208.25,209,205.5,206,199
2073/3/26,206,207.25,205.75,206.75,259
2073/3/27,206.5,208.25,204.75,207.75,347
2073/3/28,204,205.5,203.5,204.25,386
2073/3/29,204,206.75,204,206.5,32957
2073/3/30,206,207.5,205.5,206.5,1156
2073/3/31,206.5,206.75,204.75,205.5,288
2073/4/1,205,205.25,202,203.5,528
2073/4/2,203.5,206.5,203,206,338
2073/4/3,205.5,206.75,204.5,205.5,682
2073/4/4,205,205.25,202.5,204,364
2073/4/5,203.75,204.5,202,202.25,470
2073/4/6,202,203.25,201.5,202.75,415
2073/4/7,202.5,204.75,202.25,202.5,38953
2073/4/8,202,203.75,202,202.5,281
2073/4/9,202.25,203.5,201.75,202.75,304
2073/4/10,202.25,208,201.75,206,963
2073/4/11,206,206.75,204.75,205,34078
2073/4/12,204.75,207.75,204.75,206.5,271
2073/4/13,206,207.5,205,207.25,35180
2073/4/14,218.5,221.5,218.5,221,25155
2073/4/15,221,221.75,220.25,220.5,20045
2073/4/16,220.25,221.25,220.25,220.5,18869
2073/4/17,220.5,221,215,215.5,82737
2073/4/18,215.5,216.25,214.5,215.75,41519
2073/4/19,215.75,216,210.25,210.5,74668
2073/4/20,210.5,213,210.25,211.75,80854
2073/4/21,212,222,212,220.5,123440
2073/4/22,220,221.75,219,221,56568
2073/4/23,220.5,223,219.5,221.25,57662
2073/4/24,220.75,221,218.25,219.25,36740
2073/4/25,219,220,216.25,216.5,35235
2073/4/26,216.25,222,215.25,219,61301
2073/4/27,219,220.25,218.75,219.5,21506
2073/4/28,219.25,220.5,218,219.5,27991
2073/4/29,215.5,216.75,213.25,214,29581
2073/4/30,214,215.75,212.75,214.25,33414
2073/5/1,214,214.5,211.75,212.25,32601
2073/5/2,212,213.25,210.5,211.5,35956
2073/5/3,211.5,211.5,208.25,208.75,37540
2073/5/4,208.75,209.75,208,209.5,24608
2073/5/5,209.5,210.75,209,209.75,26342
2073/5/6,209.5,209.75,208.25,209,18282
2073/5/7,209,210.25,207.75,208.5,35962
2073/5/8,208.25,210.75,208,210.5,30202
2073/5/9,210,211.25,209.5,210.5,30866
2073/5/10,210,213,210,211.5,36153
2073/5/11,211.25,212,210.5,211.5,25946
2073/5/12,211.25,212.75,208.75,210,41500
2073/5/13,210,210.5,207.75,208.75,36735
2073/5/14,208.75,214,208.5,212.75,53630
2073/5/15,213,215.25,210.75,211,40048
2073/5/16,211,214,210,212.75,34867
2073/5/17,212.5,215,212,214.75,32437
2073/5/18,214.5,216.25,213,213.5,39666
2073/5/19,213.5,214.25,211.5,211.75,24654
2073/5/20,211.5,212,209.5,209.75,33212
2073/5/21,209.5,209.75,206.75,208.75,43027
2073/5/22,208.75,210.25,208.25,209.5,26316
2073/5/23,209.5,211,208.75,209,23993
2073/5/24,208.5,209,206.5,207.5,33579
2073/5/25,207.25,208,206,206.25,28412
2073/5/26,206.25,206.75,205.25,206,24073
2073/5/27,205.75,207.5,205.5,206,35498
2073/5/28,205.75,206,204.25,204.5,40428
2073/5/29,204.5,207,204.25,206,31635
2073/5/30,206,207,205.75,206.25,23139
2073/5/31,206.25,206.75,203.75,204.25,36737
2073/6/1,204.25,205,203.75,204.5,28045
2073/6/2,204.5,205.5,204.25,204.75,26697
2073/6/3,205,205.75,204.25,205.25,27034
2073/6/4,205.25,206,205,205.75,20826
2073/6/5,205.5,209.25,205.5,208.75,51229
2073/6/6,208.25,209.75,206,206.75,39487
2073/6/7,206.5,207.25,204.75,205,37619
2073/6/8,205,206.5,205,205.75,43877
2073/6/9,212.75,214,212.25,213.75,17785
2073/6/10,206,206.75,204.5,206.5,21424
2073/6/11,206.25,207.25,205.25,205.75,23697
2073/6/12,205.75,207.5,205.25,205.5,27947
2073/6/13,205.5,206.5,204.5,204.75,18403
2073/6/14,204.75,205,203.5,203.75,24988
2073/6/15,203.75,206,203.75,204.5,25006
2073/6/16,204.5,206.5,204.5,206.25,30439
2073/6/17,206,207.25,201.75,202.5,55456
2073/6/18,202.5,204.25,202,203.5,25353
2073/6/19,203.5,205,203.5,203.75,26824
2073/6/20,203.75,204,201,201.25,28173
2073/6/21,201.25,202.75,200.5,201.5,33697
2073/6/22,201.5,202.5,200.25,200.5,29946
2073/6/23,200.5,202.5,200,201.5,30254
2073/6/24,201.5,202.75,201,201.25,23760
2073/6/25,201.25,203.25,199.5,199.75,48214
2073/6/26,199.75,200.25,198.5,198.75,26051
2073/6/27,198.75,198.75,193.25,197.75,53142
2073/6/28,197,198.75,195.5,196,27363
2073/6/29,196,198,195.5,197.75,31762
2073/6/30,204,206.5,203.25,205.75,18538
2073/7/1,205.75,206.75,203.75,204,25440
2073/7/2,204,204.75,202.25,202.5,36904
2073/7/3,202.75,206,202.75,204.25,37032
2073/7/4,204,205.25,203.5,204.5,19485
2073/7/5,204.5,205.5,203,203.5,37012
2073/7/6,203.5,204.75,202.5,203,27006
2073/7/7,203,204.75,202.75,203,37502
2073/7/8,204,204.5,200,200.25,67452
2073/7/9,200.25,201.5,200,200.5,29765
2073/7/10,200.75,203.75,200.5,203,30825
2073/7/11,203,204,200.25,200.5,40880
2073/7/12,200.5,201.25,199.75,201,25439
2073/7/13,200,201,198,200.5,37917
2073/7/14,201,206.25,200.5,204.75,57607
2073/7/15,204.5,205.75,203.5,204.5,33147
2073/7/16,204.25,207,203.75,205.5,30295
2073/7/17,205.5,208.75,204,206,42718
2073/7/18,208,215.25,208,215,84553
2073/7/19,212.5,216.25,212.5,215.5,77606
2073/7/20,215.5,216.75,214.5,216.25,40718
2073/7/21,216,216,212.75,213.25,43613
2073/7/22,213.25,213.75,208.5,209,41746
2073/7/23,208.75,211.75,208,211.5,33422
2073/7/24,212.25,213.5,209.25,210.75,37614
2073/7/25,210.75,212,207.25,207.5,37986
2073/7/26,208.25,208.5,204.75,207.75,38123
2073/7/27,207.75,208,204.75,205,27996
2073/7/28,205,208.5,204.25,207.5,37959
2073/7/29,208.25,212.5,207.75,211.5,45683
2073/7/30,211.25,213,209.25,212.5,32999
2073/7/31,212,214.5,211.25,214,43544
2073/8/1,212,212,209.25,209.5,41117
2073/8/2,209,212.5,209,210.5,35822
2073/8/3,210.25,211,208.75,210.25,33732
2073/8/4,210,212.25,208.75,209,29180
2073/8/5,209,209.25,206.5,206.75,37591
2073/8/6,205.5,206.75,204,206.75,38708
2073/8/7,206.5,206.75,204,204.25,45587
2073/8/8,208,209,205.75,206.75,42771
2073/8/9,213.5,216,213.25,215.25,12094
2073/8/10,215.5,218.5,215.5,217,15191
2073/8/11,217,218.25,217,217.25,18225
2073/8/12,219,231,219,226,51586
2073/8/13,225.75,229,225,227.75,34772
2073/8/14,227.5,230.5,226.5,229,36214
2073/8/15,229,234.5,228,233.75,39933
2073/8/16,233,237,231.75,233,33053
2073/8/17,233,241.5,233,240.5,32533
2073/8/18,240.75,243,233,235.5,29518
2073/8/19,235,236,229,231.25,27841
2073/8/20,232.5,232.75,228.75,229.25,23440
2073/8/21,231,236,231,232.5,22805
2073/8/22,232,232,226.5,228.75,24443
2073/8/23,228.75,231.25,222.5,223.75,26502
2073/8/24,223.75,225,220.25,222.5,18168
2073/8/25,224,229.25,224,227.25,16550
2073/8/26,232,235,231.75,234.75,20843
2073/8/27,234.5,234.5,230,231.5,19929
2073/8/28,230,233.5,228.25,232.75,15089
2073/8/29,231.5,235,229.75,234.75,18587
2073/8/30,239,247.5,239,246,35774
2073/8/31,248.75,249.5,241,241.5,26151
2073/9/1,241.25,250,241.25,249.25,26141
2073/9/2,248.75,249,241,244.25,20527
2073/9/3,244.75,246.5,241.5,243,18846
2073/9/4,238,238.75,230.25,231,29693
2073/9/5,232.75,237,231.75,236,16729
2073/9/6,236,248,236,247.25,28845
2073/9/7,247.75,255.75,245,249.25,33605
2073/9/8,249.25,255,249.25,252.75,22132
2073/9/9,248.75,254.5,244,253.5,25608
2073/9/10,253.5,255.5,251,251.25,28158
2073/9/11,250.75,251,248.25,249,22269
2073/9/12,248.5,250.25,245.25,246.25,21672
2073/9/13,246.25,250.5,245,250.25,24711
2073/9/14,250,268,250,260.75,38385
2073/9/15,260.75,269,260.75,267.75,28547
2073/9/16,266.5,276,266,273,27264
2073/9/17,273,277,270,272.25,23964
2073/9/18,282,284,275.5,277.5,55411
2073/9/19,276.75,277.25,270.5,270.75,72885
2073/9/20,270.25,273.5,268.5,272.5,58487
2073/9/21,273,273.5,267.75,271.5,47451
2073/9/22,271.75,275.5,271,273.5,48252
2073/9/23,273.5,276.25,273,274.75,37621
2073/9/24,274,274.75,271.75,272.25,37969
2073/9/25,272,275,270,270.25,53830
2073/9/26,270,270.25,266.25,266.75,81524
2073/9/27,268.5,275.5,268.5,274.25,54584
2073/9/28,275,279.75,274.25,278.5,50401
2073/9/29,278,281,276.25,280.5,59752
2073/9/30,280.5,283.5,280.25,283.25,45784
2073/10/1,283.75,296,283.75,289.25,84827
2073/10/2,288.5,291.5,285,287.5,55831
2073/10/3,277.75,278.75,272.5,276.5,50733
2073/10/4,276.25,277,271.75,272.5,56743
2073/10/5,272,272.25,266.5,266.75,79510
2073/10/6,266.25,266.75,260,260.75,102964
2073/10/7,260.75,260.75,253.75,254.25,73564
2073/10/8,254.5,260,254.25,259.5,55542
2073/10/9,259.75,262,256.75,258.5,50114
2073/10/10,258.5,261,258.25,260.5,30009
2073/10/11,260.5,261,257.5,258.75,28867
2073/10/12,258,259.5,249.5,251.5,81390
2073/10/13,251.75,256.5,250,255.75,57283
2073/10/14,256,258.5,255.75,257,35003
2073/10/15,257,257,252.25,254.5,43218
2073/10/16,253.75,260.25,253.75,257.75,38848
2073/10/17,257.75,261.75,256.5,260,33386
2073/10/18,260,260.25,257.25,257.5,27401
2073/10/19,257.5,257.75,255.5,256,32302
2073/10/20,255.75,256,251.25,251.5,52220
2073/10/21,251.5,252.75,246.5,246.75,84145
2073/10/22,245.5,254.5,245.5,254,60752
2073/10/23,254,257.5,251,253.25,63093
2073/10/24,252.75,259.5,250.5,255.5,55775
2073/10/25,255.25,257.5,253.75,254.25,25945
2073/10/26,253.5,257.5,253.5,254.25,29057
2073/10/27,253.75,253.75,250,251.5,38059
2073/10/28,251,252.5,250,250.25,41427
2073/10/29,250.25,251.75,247.75,250.25,43562
2073/10/30,250,250.5,248.5,250.25,34704
2073/10/31,250.25,250.75,247.25,247.5,40411
2073/11/1,247.25,250.25,245.75,249,41543
2073/11/2,249,251,245.75,246,41047
2073/11/3,246,249,245,247.5,46357
2073/11/4,247.75,249.5,246,247.5,36149
2073/11/5,247,248,244,244.25,37160
2073/11/6,244.25,244.75,241.75,242,48761
2073/11/7,242.25,245.25,240.5,243,50366
2073/11/8,243,243.5,240.75,241,37506
2073/11/9,241,241,235.5,235.75,59879
2073/11/10,235.75,240.5,235,238.25,62939
2073/11/11,237.75,243,236.5,240.5,61026
2073/11/12,240.5,245,240.5,244,47961
2073/11/13,244,245.75,240.75,242,39726
2073/11/14,242,244.5,240.25,243.75,45263
2073/11/15,244,247.25,244,246.5,39879
2073/11/16,246,249,245.5,248.5,37892
2073/11/17,248,249.25,246.5,246.75,25236
2073/11/18,246.5,248.75,246,247.75,22883
2073/11/19,247.25,247.5,243.5,244.75,52778
2073/11/20,244.75,246.5,244.5,244.75,50914
2073/11/21,244.5,246,244,244.25,41564
2073/11/22,241.5,244.25,241,241.25,34085
2073/11/23,241,241.75,238.5,238.75,40525
2073/11/24,238.5,240.5,237,239.25,48496
2073/11/25,239.25,239.75,235,236,59602
2073/11/26,236,238.25,235,237.25,35208
2073/11/27,236.75,238,235.75,236.75,20243
2073/11/28,236.75,239,236.5,238.25,25175
2073/11/29,238.25,240.25,237.75,240,17446
2073/11/30,240,241,238.75,239.75,24294
2073/12/1,239.75,240.25,238.5,239.25,21992
2073/12/2,239,243,238.75,242.75,28690
2073/12/3,242,243.5,241.75,242.75,22076
2073/12/4,242.75,243,239.25,239.75,22282
2073/12/5,239,239.5,235.5,235.75,28684
2073/12/6,235.75,236.25,235,235.75,36899
2073/12/7,235.75,238.75,234.75,237,32688
2073/12/8,237,237,234.75,236,32776
2073/12/9,236,237.25,234.75,235.75,30684
2073/12/10,235.75,240.25,235.75,240,42146
2073/12/11,240,246,240,245.25,67870
2073/12/12,245,245.25,242.75,243.5,42427
2073/12/13,243,244,234.5,234.75,77922
2073/12/14,235,235,228.75,230.5,74442
2073/12/15,230.75,232.5,229.75,231.25,36028
2073/12/16,231.75,232.5,229.75,231.25,30091
2073/12/17,231,231.75,228.75,230.75,35621
2073/12/18,233.5,236.5,233.5,234.75,32938
2073/12/19,235,237.25,234.25,235.5,26981
2073/12/20,234.75,237.5,234.5,235.5,24891
2073/12/21,235,238.25,234.75,235,26137
2073/12/22,235,238.75,234.75,238.5,29268
2073/12/23,238,239,235.25,235.5,29561
2073/12/24,235.5,237.25,233.75,237,31489
2073/12/25,236.75,239.5,236.5,238.25,42705
2073/12/26,237.25,237.5,235,236.75,21539
2073/12/27,236.25,239,236.25,237.75,28048
2073/12/28,237.75,238.25,235.75,236.75,26563
2073/12/29,236.5,240.25,235.5,239,56564
2073/12/30,238.75,240.5,238.25,239.75,38662
2073/12/31,239.75,242.5,239.5,241.5,54482
2074/1/1,241,242,239.75,241.5,42022
2074/1/2,241.75,243,237.75,239.25,47681
2074/1/3,239.5,240.75,239.25,239.75,31272
2074/1/4,239.5,240.75,238.75,240.25,23966
2074/1/5,239.5,240,238,238.25,36544
2074/1/6,238,238,235,235.25,52496
2074/1/7,237.75,238.5,236.5,238,16557
2074/1/8,238,239.25,233.75,234,38402
2074/1/9,234.25,234.25,232,232.75,56168
2074/1/10,232.75,235,232,233.75,43216
2074/1/11,233.5,234.5,232.75,233.75,48029
2074/1/12,233.75,234.5,232,232.25,42562
2074/1/13,232.25,236,232.25,233.25,39001
2074/1/14,233.5,233.75,230.25,231.5,26712
2074/1/15,231,231,228.75,229,24978
2074/1/16,229,229.5,227.25,228.25,30205
2074/1/17,228.25,229.5,227.75,228,20067
2074/1/18,228.25,229.25,228,228.75,14537
2074/1/19,228.75,230.25,227.5,227.75,30735
2074/1/20,227.75,237.75,227.75,236.5,66809
2074/1/21,236.25,239.75,236.25,239.5,57629
2074/1/22,239.25,241.5,238.5,240.25,58890
2074/1/23,239.75,239.75,236.75,238.75,38403
2074/1/24,238.5,239.5,237.75,239,18750
2074/1/25,238.5,244,238.5,243.25,60766
2074/1/26,243,245.25,241.25,242.75,53772
2074/1/27,242.25,242.75,241.5,242,30026
2074/1/28,242,242.25,238,238.75,52867
2074/1/29,238.5,240.75,238,239.25,33272
2074/1/30,239.25,240.5,237.25,239.25,23700
2074/1/31,239.25,242,239.25,241.75,22577
2074/2/1,241.75,242.5,239,239.25,20831
2074/2/2,239.25,242.5,239,241.5,22366
2074/2/3,241.5,241.5,238.5,239.25,20127
2074/2/4,239,240.5,238.75,239,25567
2074/2/5,239,239.5,237.5,238.75,38039
2074/2/6,238.5,239.25,236.25,236.5,38314
2074/2/7,236.25,236.5,233.75,234,48600
2074/2/8,234,234.75,231,231.25,67320
2074/2/9,231.5,232.25,229.5,231.25,66473
2074/2/10,231.5,233.25,230.5,231.25,39061
2074/2/11,231,233.25,230.25,231.5,30545
2074/2/12,231.5,233,230.75,232.5,31105
2074/2/13,233.5,238,233.5,237.25,49900
2074/2/14,236,237.75,235,237.5,34191
2074/2/15,237.5,243,237.5,242.5,75494
2074/2/16,242,244.5,241.5,242.5,71835
2074/2/17,242.5,253,241.75,252,88848
2074/2/18,248.75,259,248.25,252.25,135382
2074/2/19,252,253,250.5,252.75,43299
2074/2/20,252.25,256,247,251.25,60957
2074/2/21,251,256,251,255.75,49620
2074/2/22,255,257.5,253.75,254.25,49031
2074/2/23,252.25,252.5,246.5,246.75,49327
2074/2/24,246.75,250,244.75,246.75,54176
2074/2/25,246.75,248.5,244.5,245.5,36850
2074/2/26,245.5,247,243,243.75,45697
2074/2/27,243.75,244.5,242.25,243.75,28351
2074/2/28,243,243.5,238.25,242,59639
2074/3/1,242.25,243.75,240.5,241.25,40957
2074/3/2,241,245.5,240.5,245,39012
2074/3/3,245,246.25,243.25,244.25,42011
2074/3/4,243.25,243.5,241,241.5,39841
2074/3/5,240.75,241,239.5,240,37740
2074/3/6,239.75,240.25,237.25,237.5,61489
2074/3/7,237.5,239,235,235.75,78488
2074/3/8,235.75,239,235.75,238.75,38591
2074/3/9,236.25,238,235.25,236.25,38322
2074/3/10,236,239.75,235.5,239.25,42105
2074/3/11,239.75,242.25,238.25,242,41804
2074/3/12,238.75,241.25,237.75,240.75,14839
2074/3/13,240.25,243.75,239.5,241,10997
2074/3/14,240.75,240.75,237.75,238.5,11470
2074/3/15,237.25,237.75,235,235.5,14815
2074/3/16,236,237,233.5,234.5,20570
2074/3/17,234.25,235.75,234.25,234.75,13527
2074/3/18,234,234,227.25,228,39355
2074/3/19,228.5,230,228.25,229.75,28914
2074/3/20,229.25,229.75,223.5,223.75,28040
2074/3/21,224,225.75,221,225.25,25036
2074/3/22,225.25,225.5,223,223.25,19200
2074/3/23,223.25,225,221.25,222.25,26299
2074/3/24,220.5,221,218,219.5,28826
2074/3/25,220,223.75,220,223.25,24422
2074/3/26,223.25,225,219.5,220.75,22739
2074/3/27,221,221.5,214.5,215,24612
2074/3/28,215,216,213,213.25,21824
2074/3/29,213,214.5,211.5,212,18410
2074/3/30,211.5,212.75,208.25,208.5,29335
2074/3/31,208.5,209.25,207.75,208,17943
2074/4/1,208,209,207,207.25,16763
2074/4/2,207,207.25,205.75,206,15783
2074/4/3,206,209.5,205,208.25,24579
2074/4/4,208,210.5,207.75,208.5,16298
2074/4/5,208.25,209,205.25,205.5,17594
2074/4/6,205.5,208.5,205,205.5,19899
2074/4/7,205.5,206.75,204.5,206.5,16170
2074/4/8,207,210.5,207,209.75,17337
2074/4/9,210.25,212.75,210,210,600
2074/4/10,210,210,207.5,207.75,144
2074/4/11,207.75,208.5,205.25,206,205
2074/4/12,206,210.5,206,206.75,120
2074/4/13,207.25,210.5,206.5,209.5,252
2074/4/14,209.75,211.25,208.25,209.5,328
2074/4/15,209.75,212,209.25,211.5,243
2074/4/16,211.5,213.75,210.75,212.25,243
2074/4/17,212.25,214,212,212.75,163
2074/4/18,212.25,214,209,209.5,151
2074/4/19,209,223,209,219.75,310
2074/4/20,219.25,221.25,218.75,220,316
2074/4/21,219,222,218.25,220,169
2074/4/22,220,220.75,218.75,220.25,205
2074/4/23,222,230,222,228.75,1565
2074/4/24,237.5,237.5,232.25,232.5,2568
2074/4/25,233,236.5,232.75,236.25,2213
2074/4/26,236.25,239.25,230.5,232.5,1984
2074/4/27,232.25,237,232,235.25,775
2074/4/28,235.75,236.5,233.5,235.5,1613
2074/4/29,240,243.5,234.75,235.75,5717
2074/4/30,235.75,237.25,233.25,237,714
2074/5/1,236.5,239.25,235.5,238.75,652
2074/5/2,238,242,236.5,241.75,1179
2074/5/3,238.5,240.25,236.5,240,1517
2074/5/4,241,244.75,240.5,244.25,711
2074/5/5,244,247.25,243.25,247,798
2074/5/6,246.5,247,242.5,243,515
2074/5/7,242.5,244.75,239.5,240.25,609
2074/5/8,240.25,243,240.25,242.75,1052
2074/5/9,227,228.25,224,224.25,679
2074/5/10,224,225.5,223,223.75,37980
2074/5/11,223.75,225,223.5,223.75,632
2074/5/12,223.75,227,222.5,226,400
2074/5/13,225.5,228,225.5,227.75,798
2074/5/14,227.75,227.75,223.5,223.75,685
2074/5/15,223.75,225.25,221.5,224.25,850
2074/5/16,224.25,228.5,224.25,226.25,365
2074/5/17,226,227.5,225,226.25,692
2074/5/18,226,228.25,223.75,226,786
2074/5/19,226,226,220,220.25,583
2074/5/20,220.25,221,218.5,220.25,995
2074/5/21,220,223.5,220,220.25,1259
2074/5/22,220,224.5,219.75,223,1119
2074/5/23,221.5,222.75,220.5,221.25,655
2074/5/24,221,224.75,220.75,223.5,240
2074/5/25,223.25,224,221,221.5,282
2074/5/26,221.5,222.25,221,221.75,168
2074/5/27,221.25,221.5,215.5,216.25,719
2074/5/28,216,218.25,215.5,217.5,31865
2074/5/29,217.5,219.5,215.5,218.5,812
2074/5/30,218,218.5,215.75,216.5,1118
2074/5/31,216.25,217.25,214.25,214.75,255
2074/6/1,215,217,214,214.25,634
2074/6/2,214,214.75,213.25,213.75,688
2074/6/3,213.5,217.5,213.25,215.75,88940
2074/6/4,215,221.75,215,220.25,1271
2074/6/5,220.25,238.5,220.25,235,1670
2074/6/6,233.5,237.5,232.25,235,2714
2074/6/7,234.75,242.75,234.5,235.25,2487
2074/6/8,234.5,241,232.75,240.25,1449
2074/6/9,240,250,239.5,248.25,2720
2074/6/10,248,251,246,247.75,4853
2074/6/11,247,248,243,247.25,161957
2074/6/12,246,247.25,239.5,240,127598
2074/6/13,239,239.75,231.5,232.25,164301
2074/6/14,231.75,238,229,236.75,69943
2074/6/15,237.25,247,234,234.25,48924
2074/6/16,233.25,237.75,231.25,235.25,90264
2074/6/17,234.25,235.25,232.25,232.75,40385
2074/6/18,232.5,234.25,231,232.5,43315
2074/6/19,232,245,232,240.25,60888
2074/6/20,240.25,244.25,239,240.75,102538
2074/6/21,240.5,242,239.25,240.5,38435
2074/6/22,240,241.75,236.5,238.25,96954
2074/6/23,237.5,239.25,234.5,235.75,52021
2074/6/24,241.5,242,237.25,237.5,33564
2074/6/25,237,241.5,236.75,241,36896
2074/6/26,240.5,242.25,238.5,241,43028
2074/6/27,240.25,241.5,238.75,239.5,49413
2074/6/28,239.5,245,237.75,244.5,75921
2074/6/29,245.5,248,245,247.25,62802
2074/6/30,303,305,300.5,302.75,52492
2074/7/1,302.5,306.25,295,295.75,71112
2074/7/2,295,299,294,297.75,51587
2074/7/3,297.5,300.25,294.5,297,50840
2074/7/4,296.75,299,295,297.25,32255
2074/7/5,297.25,297.75,291,292.5,49990
2074/7/6,292,301.75,292,301.5,51259
2074/7/7,307,308.75,304.25,305.25,44509
2074/7/8,305.25,309.25,303.25,308.25,42305
2074/7/9,308,313.5,307.5,312,47322
2074/7/10,311.75,314.75,309.75,312,38074
2074/7/11,313.25,319,313.25,318.5,50573
2074/7/12,318,318,311,315.75,33273
2074/7/13,315.25,318.5,307.5,309.5,54511
2074/7/14,309.5,311.75,305.5,306.75,46611
2074/7/15,307,308.75,303.25,305.5,36312
2074/7/16,305,306.5,301.75,305,30196
2074/7/17,305,312.75,304.75,312.25,45226
2074/7/18,311.5,321.75,311.25,320,73865
2074/7/19,319.75,331.25,319.25,325.75,61390
2074/7/20,325.25,331.25,325.25,330.5,52816
2074/7/21,330.75,335.5,326.5,329.5,62919
2074/7/22,329,329.5,325,326.75,43649
2074/7/23,327,332.5,327,330,39963
2074/7/24,330.5,335.25,329,330.5,46182
2074/7/25,330,331.25,321.5,322.25,49235
2074/7/26,322.25,322.25,311.5,311.75,61991
2074/7/27,311.25,318,309.5,316.5,49159
2074/7/28,317,320.5,296.5,307.5,46540
2074/7/29,307.5,320,307,314.5,29667
2074/7/30,314.75,317,310.5,311.25,17532
2074/7/31,317.5,318,313.75,315,33762
2074/8/1,315,315.75,304.75,309,37884
2074/8/2,309,313,308.5,309.75,67292
2074/8/3,309.75,312.5,307,309.75,33361
2074/8/4,309.25,309.25,303,307.25,29011
2074/8/5,306.5,320,306.5,315.5,45291
2074/8/6,315.25,317.75,310.5,314.25,36912
2074/8/7,314.25,320.5,312,319.75,31539
2074/8/8,319.5,328,318,320.25,77880
2074/8/9,321.25,325.5,319.75,324,49654
2074/8/10,323.75,326.5,321.5,323.75,46726
2074/8/11,323.25,324,316.5,319.75,45874
2074/8/12,319.25,320,310,310.25,57020
2074/8/13,310.75,313,304.5,311,61416
2074/8/14,311.5,312,298,298.5,81804
2074/8/15,299.25,300.5,296.5,299.25,62660
2074/8/16,299.25,303.5,291.25,297.5,85548
2074/8/17,298,299.75,293,295.25,64182
2074/8/18,295.75,296.75,290,292.25,65542
2074/8/19,291.25,295.5,288.25,295.25,62438
2074/8/20,295.5,298,289.75,292,43038
2074/8/21,292.5,298.75,292,298.5,42688
2074/8/22,298.5,300,289,292.25,62946
2074/8/23,292.25,293.75,287.5,290,45340
2074/8/24,290.25,296.75,290.25,296,60494
2074/8/25,296,305,296,303.75,53250
2074/8/26,304,305,300,300.75,31392
2074/8/27,299.75,304.25,297,298.75,49166
2074/8/28,298.75,306,296,304,96978
2074/8/29,307.5,324,307.5,324,58364
2074/8/30,325.5,327.5,320,321.75,90476
2074/8/31,320,320.5,310,310.75,81916
2074/9/1,310,313,307.25,308.25,75010
2074/9/2,304,304,295,300.25,78508
2074/9/3,299.75,301.25,296.5,297,73942
2074/9/4,286.25,287.25,280,280.25,55644
2074/9/5,280.75,284,280,281.5,49444
2074/9/6,285,287.5,279,281.25,33032
2074/9/7,281,283.5,277.5,278.25,27736
2074/9/8,277.75,280,273.75,279,45646
2074/9/9,279,279.75,271.75,272.5,55296
2074/9/10,272,279.75,270,279.25,41884
2074/9/11,280.25,282.5,270,277.75,40952
2074/9/12,277.25,281,277.25,280.5,36834
2074/9/13,279,279,274,275,57470
2074/9/14,275,278.25,271.5,272.5,76876
2074/9/15,272,273,260,262.5,77720
2074/9/16,262.5,264.25,258,263,61172
2074/9/17,262.5,262.5,256,259.25,61005
2074/9/18,256.5,257,252.5,254,57510
2074/9/19,254,256.5,252.5,253.75,41166
2074/9/20,254,254.5,247.5,248.5,38388
2074/9/21,248,249,246,246.25,29580
2074/9/22,245.5,248.5,242,248,37850
2074/9/23,248,248.25,244.25,244.75,39818
2074/9/24,244.75,247.75,244,246.5,38142
2074/9/25,246.5,246.75,242,242.5,34000
2074/9/26,242,242,238.75,239,33032
2074/9/27,238.25,238.5,235.5,237,33414
2074/9/28,236.5,237.5,232.75,234,32736
2074/9/29,233.5,234,225.75,226.25,46188
2074/9/30,226,226.25,219,219.25,52824
2074/10/1,219.25,225.25,219.25,223.75,36100
2074/10/2,223.5,223.5,212,223.25,33540
2074/10/3,223,224,220.75,222.25,28062
2074/10/4,222,223.25,217.5,218.5,29062
2074/10/5,218.5,222.5,218,218.5,32036
2074/10/6,218.75,221.5,216.5,217.25,23720
2074/10/7,218,219.25,216.5,218.25,38198
2074/10/8,218.5,219.75,216.25,219.25,34198
2074/10/9,219,222.5,217.75,221.25,36076
2074/10/10,221.25,225,220,224,37618
2074/10/11,224.5,227.25,223.5,225.75,47214
2074/10/12,226.25,228.25,225.75,227,40640
2074/10/13,226.75,227,223.5,224.5,44804
2074/10/14,224.5,225.75,220.5,220.75,82878
2074/10/15,221,222.5,216,218,57836
2074/10/16,218,218.5,215.5,217.75,20084
2074/10/17,217,222.5,215.25,222.25,28080
2074/10/18,223,230.25,223,228.5,37976
2074/10/19,239,239.25,235.25,236.25,92178
2074/10/20,236,240.75,235.5,240.25,88764
2074/10/21,240.25,242,237.25,241.75,67052
2074/10/22,240.25,245.25,238.5,244.25,89168
2074/10/23,244.25,244.25,240.5,242,95578
2074/10/24,242,244.75,235.5,237,131918
2074/10/25,237,237.75,233.5,234,78274
2074/10/26,234,235.5,228.5,229,124084
2074/10/27,228.75,239,228.25,235.25,149420
2074/10/28,236.25,238,233.25,237.75,104516
2074/10/29,237,245,236.25,242.75,159630
2074/10/30,242.5,243.5,235.5,236.25,99742
2074/10/31,236,236,230.5,231,145422
2074/11/1,229,229,225,226.5,127644
2074/11/2,226.75,228,225.25,226.75,82232
2074/11/3,226.5,227.25,226,226.5,67454
2074/11/4,226,226.25,220.75,222.25,194864
2074/11/5,221,222,218.75,220.5,114406
2074/11/6,220,221,217.75,218,90776
2074/11/7,217.5,220,217.25,218.5,74390
2074/11/8,218.25,219.75,216,216.25,72176
2074/11/9,216.25,217.5,215,215.25,63854
2074/11/10,215,215.25,212.5,212.75,73850
2074/11/11,212.5,214,212.25,212.75,75116
2074/11/12,212.75,213.75,210,210.25,87908
2074/11/13,210,210.5,207,207.75,81928
2074/11/14,207.75,208,205,205.25,85530
2074/11/15,205,211,204.75,207.75,117560
2074/11/16,207.25,209.75,206.5,208.5,64176
2074/11/17,208.5,210.25,206.75,207.25,70374
2074/11/18,207,207,204,205.5,90962
2074/11/19,205.5,207.25,205,206,62318
2074/11/20,205.25,206,202.5,202.75,84410
2074/11/21,203,206,202.5,204.5,82828
2074/11/22,204.25,209,203,207.25,96266
2074/11/23,207,209.5,205.75,206,66244
2074/11/24,205.75,206,204.25,204.5,65108
2074/11/25,204.5,204.75,197,202.5,181826
2074/11/26,202.5,205.75,202,205.25,96802
2074/11/27,205,207.25,203,204.25,90026
2074/11/28,204,207.5,203,206.75,95186
2074/11/29,206,206.5,203.75,204,73964
2074/11/30,204,208,202.75,207,102994
2074/12/1,206.75,209.5,205.5,206,83706
2074/12/2,206.25,208.75,204,204.25,97516
2074/12/3,204.25,204.5,201.5,201.75,90404
2074/12/4,201.5,206.5,201,205.25,96204
2074/12/5,204.75,207.75,203.75,206.75,77448
2074/12/6,206.5,208,205.5,206.25,60590
2074/12/7,206,207.25,205.25,206.25,54696
2074/12/8,206,207.5,201.5,202.5,137170
2074/12/9,202,202.5,199.25,200,110274
2074/12/10,200,201.5,199.25,199.75,65512
2074/12/11,199.75,201,198.75,199,78764
2074/12/12,199,199.25,197.25,197.5,93074
2074/12/13,197.75,200.75,197.25,199.5,134880
2074/12/14,198.5,199.25,197.25,198,107774
2074/12/15,198,199,197.5,198,94876
2074/12/16,198,204,198,198.25,161560
2074/12/17,198,198.5,196.75,197.25,114482
2074/12/18,197,201,192,200,144358
2074/12/19,199.25,205,199.25,202.5,148452
2074/12/20,202.25,204,201.5,203,100876
2074/12/21,214.5,219,214,217.5,71266
2074/12/22,217,217,214.25,215,52418
2074/12/23,214.5,215,210,210.25,86660
2074/12/24,210.5,211.75,208,208.25,106834
2074/12/25,208,209,207.75,208.25,87460
2074/12/26,208.5,209.25,208,208.25,121437
2074/12/27,207,207.5,203.75,204.75,222280
2074/12/28,204.5,205.5,203.5,203.75,132180
2074/12/29,204,205.75,203,203.25,119910
2074/12/30,203,204.5,202.5,204,82066
2074/12/31,204.25,207.5,204,207.25,89170
2075/1/1,207.25,209.5,207.25,209,77476
2075/1/2,208.5,209,202,203.25,136880
2075/1/3,203,205,201.5,204,84814
2075/1/4,204,204.75,202.25,203,48494
2075/1/5,202.5,204.5,201,201.25,76640
2075/1/6,201,205.5,201,204.75,87316
2075/1/7,204.25,206.25,203.75,206,66264
2075/1/8,205.5,207.75,204.5,205,73920
2075/1/9,205,205,202.5,203.5,59286
2075/1/10,203.25,204.75,202,204.5,49740
2075/1/11,204.5,208,204.5,206.5,80362
2075/1/12,206,206.25,205,205.75,40544
2075/1/13,205.25,206,204,205.5,46062
2075/1/14,205.25,207.25,205.25,207,17545
2075/1/15,206.75,208.75,206,207.5,69472
2075/1/16,207,207.25,205.25,207,41674
2075/1/17,206.75,207,203,203.25,69718
2075/1/18,203.25,205.25,202,204.75,37343
2075/1/19,203.5,203.5,201,201.75,90754
2075/1/20,201.25,201.75,200.25,201,81122
2075/1/21,201,202.75,200.5,201.5,47384
2075/1/22,201.5,209.5,201.5,208.75,125794
2075/1/23,207.5,209.75,205.75,206.75,193478
2075/1/24,206.5,207,204.5,206.75,76954
2075/1/25,206.75,207.75,206,206.75,62386
2075/1/26,206.25,206.5,200,200.5,195798
2075/1/27,200.5,201,198.25,200,108472
2075/1/28,200,200.25,197,197.25,147780
2075/1/29,197.5,197.5,195.25,196,77342
2075/1/30,196,197.5,196,196.75,64252
2075/1/31,196.75,198.25,196,197.75,84960
2075/2/1,198,198.25,196.25,197,89721
2075/2/2,197,199.75,197,197.75,82800
2075/2/3,197.5,199.75,197,199,63152
2075/2/4,199,200.75,198.5,198.75,73712
2075/2/5,198,198.25,195.25,195.75,100198
2075/2/6,195.5,199.75,195.25,195.75,24608
2075/2/7,195.5,197.5,195,197,37568
2075/2/8,197.25,198.25,196.75,197,47032
2075/2/9,196.5,196.75,195,195.25,36189
2075/2/10,195,195.5,194.25,195,33806
2075/2/11,195,195.25,194.5,195,30581
2075/2/12,194.75,197.25,194.75,196.25,51266
2075/2/13,196,196.75,194.5,194.75,50458
2075/2/14,194.5,195.75,194,195,45712
2075/2/15,195.25,199.75,195.25,198.25,94537
2075/2/16,197.75,199,196.5,198.25,57648
2075/2/17,198,201.75,198,200.5,47530
2075/2/18,200.25,200.5,198.75,200,48834
2075/2/19,199.75,200,196.75,197,62316
2075/2/20,204.25,207.5,204.25,207,61464
2075/2/21,206.75,208.75,206,207.75,51908
2075/2/22,208.5,217,208.5,215.25,150422
2075/2/23,213.75,214.25,212.25,213.75,79057
2075/2/24,213.5,214.75,212.25,213.5,77302
2075/2/25,213.25,223,212.75,221.5,165863
2075/2/26,220.5,225,219.5,222.75,138644
2075/2/27,220.75,221.75,218.75,219.25,72406
2075/2/28,218.75,224,217.75,219,75093
2075/3/1,217.5,218.25,216,218,60521
2075/3/2,217.75,219.25,216.5,217,41923
2075/3/3,217,218,212.75,213.25,53120
2075/3/4,212.75,215.25,211.75,214.25,58359
2075/3/5,214.25,216.5,213.25,216.25,47719
2075/3/6,215.5,220.5,214.5,220,66540
2075/3/7,219.25,225,219.25,224.75,83533
2075/3/8,222,224,220.25,221,50031
2075/3/9,221,231,220.75,228.5,100439
2075/3/10,228,229.75,225.25,225.5,85001
2075/3/11,225.25,226.25,221,223.5,65106
2075/3/12,223.75,225.5,219.25,219.75,41271
2075/3/13,218.75,219.5,213,214.5,73180
2075/3/14,214.75,216.25,213.75,214,39042
2075/3/15,214,214,209.25,210.75,73158
2075/3/16,210.75,210.75,209.25,210.5,40567
2075/3/17,210,213.25,209.25,212.75,34886
2075/3/18,212.25,214.5,211.5,213,32331
2075/3/19,212.75,214.5,212.25,212.5,33167
2075/3/20,212,218.25,210.75,213,67807
2075/3/21,213.75,214.5,209,212.75,64188
2075/3/22,212,213,209.5,209.75,43424
2075/3/23,209.75,209.75,205.25,205.5,70914
2075/3/24,205.75,208.25,205.5,207.25,41296
2075/3/25,207,208,205.25,205.5,55753
2075/3/26,205.75,206.5,203,204,62469
2075/3/27,204,206,203,205.75,56793
2075/3/28,206,208,205,206.75,61462
2075/3/29,206.5,206.75,203.75,205.75,61827
2075/3/30,206.5,209,205.5,207.5,54585
2075/3/31,207.25,208.25,204.75,206.25,51331
2075/4/1,206.25,206.75,204,204.25,40210
2075/4/2,212.75,218.25,212.5,217.75,75823
2075/4/3,217.5,219.5,217.25,219,57529
2075/4/4,218.75,220,217.25,219.5,45377
2075/4/5,219,219.5,217,217.5,41653
2075/4/6,218.25,223.75,218.25,222.25,95928
2075/4/7,221.5,222.5,220.25,221.75,46786
2075/4/8,222,222.5,216.25,217,77485
2075/4/9,217,219,212.5,213,86364
2075/4/10,213,215,212.5,213.5,60495
2075/4/11,214.25,214.25,208.5,209,94872
2075/4/12,209,209.5,204.5,205,112759
2075/4/13,205.25,207.75,205,206,69822
2075/4/14,206.75,208.5,205,208,69192
2075/4/15,208.5,209,206,208.25,44769
2075/4/16,209,210.25,206.5,207.75,46734
2075/4/17,208,209.75,207.5,208.25,49495
2075/4/18,208.5,209,205.75,206.5,37068
2075/4/19,206.25,206.5,203,204.25,59620
2075/4/20,204.25,204.5,203,203.5,35489
2075/4/21,204,207.5,204,207,47610
2075/4/22,207.25,207.75,205.5,207.5,32498
2075/4/23,207.5,212.5,206.75,210.75,66421
2075/4/24,210.75,212.5,209.25,209.5,43657
2075/4/25,208.75,214.25,208.75,213.25,59773
2075/4/26,214,225,214,224.5,187154
2075/4/27,223,224.5,220.25,221.25,82515
2075/4/28,220.75,227.5,218.5,222.75,120407
2075/4/29,222,225.5,220.5,225,58816
2075/4/30,225,227,220.5,221.25,55182
2075/5/1,226,228,219.75,222,85412
2075/5/2,221.25,225.5,220.25,224.5,65665
2075/5/3,223,223.75,216,217,88187
2075/5/4,216.5,219,215.25,218.25,59846
2075/5/5,220.75,225.5,220.5,220.75,83074
2075/5/6,219.25,223.5,218.75,220.25,70046
2075/5/7,218.75,219.25,214.75,216,76074
2075/5/8,213.25,216.75,212.5,215.5,76297
2075/5/9,215,217.75,209,210,103106
2075/5/10,211.75,217,211.5,215,98234
2075/5/11,213,219.25,212.25,219,72457
2075/5/12,219,226.75,218.25,224.25,85931
2075/5/13,223.75,227.5,223,225.75,77291
2075/5/14,234.25,238.75,234,238.5,30227
2075/5/15,239.5,246,239.5,245.25,31805
2075/5/16,244,244.75,240.5,242,28519
2075/5/17,242.25,247,238,238.75,21074
2075/5/18,238.5,240.25,235.25,235.75,29238
2075/5/19,235.5,242.75,235,242,37075
2075/5/20,243,243.25,225,231.25,42524
2075/5/21,231.5,232,226,227.75,59783
2075/5/22,227.75,231,224.75,226,57532
2075/5/23,225.75,225.75,219,222.25,45165
2075/5/24,222,226,222,225.5,43769
2075/5/25,227.75,244,227,240,51699
2075/5/26,239,243,238.5,239.75,44191
2075/5/27,239.75,244.5,228.25,241.75,42834
2075/5/28,240.75,240.75,233,234.75,40315
2075/5/29,229.75,237.5,226.75,235.25,31407
2075/5/30,236.5,237,231,235.5,32793
